answer,guessed,num_guessed,time_to_solve
debut,ricks#month#taggy#beted#debut,5,1.21
eager,sperm#error#eggar#eager,4,1.32
nasal,butch#pippy#jaggs#salle#laksa#vasal#nasal,7,1.51
heist,inbox#wiper#ceili#deity#feist#geist#heist,7,1.51
swung,sente#sharn#snubs#slung#swung,5,1.26
grass,toils#deems#braws#crays#gravs#grans#grass,7,1.29
basin,steil#aspis#basin,3,1.25
smart,vitas#state#skart#spart#swart#scart#slart#smart,8,1.52
north,weeke#suids#tamal#robot#forth#north,6,1.52
wryly,purin#roary#wryly,3,1.4
harry,bases#lawin#cadgy#yappy#ratty#harry,6,1.3
toast,faves#musca#sonar#hoast#loast#boast#toast,7,1.38
curly,tyros#beryl#girly#marly#curly,5,1.26
bacon,wents#narco#macon#bacon,4,1.29
micro,clary#scurs#micro,3,1.21
gypsy,walds#scrub#these#knosp#gipsy#gypsy,6,1.32
power,perce#piker#payer#poser#poler#power,6,1.24
rinse,choil#imids#sissy#birse#rinse,5,1.44
aider,leben#popes#diked#wider#cider#rider#aider,7,1.3
fiber,awmry#grips#iller#niter#jiver#hirer#fixer#fiber,8,1.45
mushy,zowie#magma#muddy#musty#mussy#musky#mushy,7,1.32
odder,tawer#fleer#ormer#ocker#osier#odder,6,1.25
borne,twain#poons#foyne#bonne#borne,5,1.35
juicy,muggs#nutty#hurry#dully#yucky#juicy,6,1.28
world,debye#idols#nould#woald#world,5,1.4
board,talak#jiaos#coady#hoard#board,5,1.43
fault,dogma#salal#table#patly#vault#hault#fault,7,1.46
brass,swine#abyss#brass,3,1.29
heron,forel#berko#perog#aeros#xerox#heron,6,1.29
olden,unjam#owsen#often#olden,4,1.41
edict,temed#stade#edict,3,1.51
scour,exits#grasp#rushy#scour,4,1.3
drama,pedes#admit#maund#drama,4,1.34
glass,nowts#imids#jesus#avgas#grabs#gyals#glass,7,1.27
happy,terts#agami#vulva#cycad#yabby#janny#faffy#pawky#happy,9,1.38
cubic,dhals#worry#genii#tupik#zuzim#cubic,6,1.3
smash,syphs#schwa#shale#smash,4,1.26
viola,clach#lapse#nulla#qibla#viola,5,1.7
grunt,dozed#balms#virtu#trunk#grunt,5,1.37
nanny,aspic#trank#laund#faena#nanny,5,1.32
drown,plops#kooky#abort#froze#croci#vrouw#wrong#drown,8,1.3
clash,donah#ralph#slash#flash#blash#clash,6,1.27
handy,surfy#denay#bandy#pandy#handy,5,1.24
abort,dupes#thorn#amort#abort,4,1.27
value,bails#jacal#naled#value,4,1.24
lymph,timps#oomph#bumph#nymph#lymph,5,1.24
tacky,adrad#nucha#backs#wacko#jacky#tacky,6,1.52
sower,smolt#soken#sowed#sower,4,1.23
shale,walis#gusla#psalm#scald#shale,5,1.43
wrest,dimly#bobac#ruses#fresh#wrest,5,1.4
which,alist#chivy#which,3,1.21
cluck,twier#apayd#jouks#cluck,4,1.3
viper,slags#prude#hyper#wiper#riper#viper,6,1.34
afoul,trios#vulgo#louma#afoul,4,1.3
anvil,sypes#inbox#until#anvil,4,1.3
erect,telco#spect#erect,3,1.22
welch,twoer#hawse#weigh#welch,4,1.35
photo,upter#atopy#poots#plotz#photo,5,1.37
loopy,sutor#codex#gooly#looky#loony#loopy,6,1.32
lingo,bundu#rines#zinco#pinto#lingo,5,1.28
hippo,traps#blype#quipu#gippo#zippo#hippo,6,1.27
youth,tided#stott#molto#fouth#routh#youth,6,1.41
abode,whiss#abaca#abbey#abele#above#abode,6,1.35
chord,hexed#thrid#chard#chord,4,1.26
swift,tuple#skatt#snift#swift,4,1.32
write,hilum#briar#pricy#wried#write,5,1.45
witch,forms#lanky#duvet#thigh#witch,5,1.28
third,peats#thill#thigh#third,4,1.27
shape,theca#whale#shake#share#shave#shade#shame#shape,8,1.26
hoist,debby#trios#foist#hoist,4,1.38
short,sowce#shiso#shola#shott#shout#shoot#short,7,1.27
lobby,coned#volva#tools#mogul#loppy#lobby,6,1.32
sperm,bijou#meane#shmek#stems#smell#sperm,6,1.38
order,rindy#dears#udder#coder#older#order,6,1.52
udder,ayelp#begum#tuffe#udder,4,1.4
crown,peise#graal#frorn#brown#crown,5,1.3
later,tires#otter#water#hater#rater#cater#gater#later,8,1.29
musty,erven#abamp#mimic#mythy#musty,5,1.41
teeth,slims#predy#keech#teeth,4,1.29
flume,banty#reoil#fugle#flume,4,1.3
cigar,ambry#rowan#drear#hilar#vicar#cigar,6,1.65
pinky,curia#tiled#vison#piing#pinky,5,1.34
terra,pulls#harry#morra#verra#terra,5,1.37
candy,skips#womby#leany#navvy#fancy#canty#candy,7,1.4
briny,skies#amity#drily#gripy#briny,5,1.26
thyme,drats#ettle#twice#tophe#thyme,5,1.31
titan,bonks#naunt#atman#witan#titan,5,1.43
lyric,titis#helio#plaid#fuzil#lyric,5,1.27
coupe,ducks#churn#clump#coupe,4,1.39
unify,loess#muntu#cajun#krunk#undid#unify,6,1.32
tulle,yawed#monie#butte#tuffe#tuque#tulle,6,1.37
yearn,unsee#demon#renin#yearn,4,1.34
gavel,foule#eilds#artel#hazel#cavel#gavel,6,1.45
alpha,amowt#aleck#algid#alvar#alpha,5,1.26
brute,tuned#utile#shute#brute,4,1.49
ninth,farms#honed#lunch#ninth,4,1.27
vying,bendy#anyon#pyins#vying,4,1.37
apnea,goldy#carks#vitta#penna#apnea,5,1.39
break,fogou#scand#haler#erbia#bream#break,6,1.49
boule,rayas#ejido#goeth#boule,4,1.28
timer,thine#times#timed#timer,4,1.24
pulpy,swies#thuja#bucku#fuffy#murly#pulpy,6,1.32
valid,guiro#nixie#wadis#valid,4,1.32
nasty,tuque#batta#salto#masts#hasty#vasty#nasty,7,1.45
cider,aurar#tweer#diver#sider#bider#cider,6,1.26
clean,ender#novae#kenaf#paean#stean#quean#clean,7,1.51
semen,roost#heles#sesey#sexed#semee#semen,6,1.41
class,enure#lyams#plats#flags#clads#class,6,1.34
downy,tirrs#nomad#condo#doyen#downy,5,1.3
shady,tenny#zippy#jolly#gaumy#abray#shaky#shady,7,1.3
mafia,dibbs#kylie#unzip#attic#maxim#maria#mafia,7,1.41
gooey,baccy#myopy#ivory#goosy#gooky#gooly#goofy#goony#goody#gooey,10,1.3
tripe,whilk#friar#prize#tripe,4,1.26
filer,fujis#frith#fiery#fired#filer,5,1.26
prune,cuber#ureas#erugo#drupe#prune,5,1.54
disco,skeps#visor#gismo#cisco#disco,5,1.34
humor,pages#churl#mohur#humor,4,1.27
duvet,ticky#matza#stott#denet#duvet,5,1.51
spore,agast#moles#shero#spore,4,1.39
porch,breve#nitry#rumor#lords#porch,5,1.51
madly,culti#nyala#aryls#badly#madly,5,1.34
chump,tardo#leggy#mumps#whump#chump,5,1.24
gourd,aloha#steno#kikoi#jorum#bourd#gourd,6,1.42
allot,droop#jatos#abbot#allot,4,1.23
joker,welds#preve#cooer#goner#toyer#koker#roker#joker,8,1.35
trash,matin#atocs#testa#trash,4,1.43
elude,lavas#idler#dwell#glode#blude#elude,6,1.38
dozen,bents#onery#nomen#cozen#dozen,5,1.38
grind,germy#gular#goors#grith#grind,5,1.2
bathe,daric#babes#bayle#bathe,4,1.23
march,cuish#march,2,1.18
scone,cissy#sumac#socle#score#scone,5,1.57
missy,ceded#punty#brosy#sassy#hissy#missy,6,1.48
quash,gonna#aitch#ralph#smash#deash#quash,6,1.53
adopt,fussy#didie#blood#adorn#adopt,5,1.4
focus,glike#durry#stupa#bosun#hocus#focus,6,1.35
acorn,caeca#focal#acton#acorn,4,1.45
perch,steep#ephor#raphe#perch,4,1.45
froze,halve#orgue#crone#drome#wroke#probe#frore#froze,8,1.29
alloy,frass#aecia#anyon#alloy,4,1.37
holly,waxer#stots#oddly#golly#polly#jolly#molly#folly#lolly#holly,10,1.34
piece,shets#reede#nieve#piece,4,1.21
gipsy,favel#gipon#gippy#gipsy,4,1.29
birth,sowed#chuck#hammy#brith#birth,5,1.32
squat,tweer#plots#scant#sayst#squat,5,1.42
super,turns#sucre#suber#super,4,1.26
slyly,doxie#claut#glyph#slyly,4,1.23
beast,jived#teaze#reata#feast#beast,5,1.51
thigh,malam#reifs#coign#thigh,4,1.43
shown,nagas#sonly#scorn#swoun#stown#shown,6,1.45
there,mesne#howre#chere#there,4,1.27
woozy,vimen#trugo#sowps#woozy,4,1.34
loyal,nelly#loyal,2,1.37
saucy,grews#dishy#mausy#saucy,4,1.32
eking,caneh#belon#nurse#inept#eking,5,1.4
adult,fyked#duras#adult,3,1.39
incur,herse#rotor#filar#incur,4,1.26
hunky,saunt#unmew#linux#dungy#hunky,5,1.34
camel,thunk#dwalm#camel,3,1.41
curry,chafe#coyly#crudy#curry,4,1.28
fatty,twiny#otary#aptly#satay#catty#batty#fatty,7,1.31
tribe,sprag#wiver#trice#trite#trike#trine#tribe,7,1.37
dally,dangs#dally,2,1.23
otter,beton#totem#octet#otter,4,1.25
tramp,bothy#cants#atilt#tweak#tugra#tramp,6,1.52
smoky,etage#picky#hooky#smoky,4,1.29
muddy,belar#djins#hudud#pudgy#fuddy#wuddy#muddy,7,1.31
fauna,tatou#wauks#mauve#cauri#haugh#dauby#fauna,7,1.31
dried,spins#zaidy#edile#fried#dried,5,1.29
bugle,venge#argle#bogle#bugle,4,1.24
slice,snell#sluse#slive#slipe#slime#slice,6,1.28
spike,firth#umiaq#voile#spide#spine#spike,6,1.43
guise,fiest#noise#crise#seise#guise,5,1.24
white,doter#items#elite#axite#unite#twite#white,7,1.45
lunge,amman#enows#rente#yince#lunge,5,1.54
sweat,bumph#tawie#wetas#sweat,4,1.52
moose,tyran#whoso#kiosk#boose#moose,5,1.3
tepee,spods#puffy#tempt#tepee,4,1.38
usher,zests#psoae#isled#usher,4,1.46
toxin,diked#ngati#untin#toxin,4,1.43
polyp,clime#awols#tolyl#polyp,4,1.34
vowel,treed#apses#kohen#coley#vowel,5,1.2
serif,viner#tribe#icers#resid#serif,5,1.61
humus,bahus#thous#humus,3,1.24
study,foams#sybbe#silky#sunny#study,5,1.31
bloom,fouer#cloth#globi#blond#bloom,5,1.31
purge,adaws#kevel#uteri#roque#purge,5,1.34
droll,offie#cabob#duomo#drown#dropt#droll,6,1.44
vicar,weems#innit#gaddi#ouija#viral#vicar,6,1.37
steam,fiscs#spumy#sloom#steam,4,1.42
atoll,expel#small#atoll,3,1.22
style,duppy#shaya#snyes#soyle#style,5,1.52
taint,funks#enate#talon#tawny#taint,5,1.48
sepia,lepra#sepia,2,1.2
blend,tined#eland#blend,3,1.22
cress,fires#skers#creds#cress,4,1.3
vogue,aahed#cerge#ogive#vogue,4,1.37
rebut,thawy#pitot#brent#rebut,4,1.42
cavil,beaky#fatal#salol#manul#cavil,5,1.38
adorn,touse#maron#organ#acorn#adorn,5,1.3
mouse,keech#fusel#etuis#bouse#douse#youse#mouse,7,1.68
parry,calyx#fayer#kaury#marry#tarry#harry#parry,7,1.34
creak,cutes#ceroc#clear#cream#creak,5,1.27
awash,basso#wrast#awash,3,1.23
shawl,sulfo#slive#scalp#swayl#shawl,5,1.28
tense,swots#astir#tusky#tense,4,1.43
chief,warns#flout#chief,3,1.27
stone,lauan#piing#chons#stond#stony#stone,6,1.39
cadet,sleet#motet#bidet#cadet,4,1.24
elfin,cased#hythe#knell#elfin,4,1.27
bigot,scrod#jeton#thiol#gigot#bigot,5,1.26
mauve,caned#maize#maare#maybe#matte#masse#mahoe#mauve,8,1.31
purse,apses#swept#pepsi#purse,4,1.4
drawl,torah#armer#drain#drabs#draff#drawl,6,1.48
motor,whump#smalm#bombe#motor,4,1.55
dingy,firie#midst#dicky#divvy#dilly#dippy#dingy,7,1.29
renew,aghas#blurt#piker#roved#renew,5,1.35
horse,agons#visor#torso#corse#morse#worse#horse,7,1.4
cagey,frees#idled#kohen#cubeb#cagey,5,1.28
sloth,feaze#viols#glost#sloth,4,1.35
grime,galvo#gecks#gighe#grize#gripe#grime,6,1.26
retry,wines#elope#theft#retry,4,1.29
broth,bocks#bromo#broad#brown#broil#brogh#broth,7,1.29
trail,whizz#ileum#sibyl#cavil#argil#trail,6,1.84
dress,longa#murky#freer#cress#dress,5,1.32
itchy,xenon#pawaw#rusty#itchy,4,1.35
clove,raine#fesse#quyte#clove,4,1.26
rally,twain#aryls#early#rally,4,1.43
honey,tells#finer#zoned#honey,4,1.37
shave,ranke#glace#soave#suave#stave#shave,6,1.28
plain,foxes#ambry#whaup#piani#plain,5,1.32
salve,cymes#dense#swire#slope#salle#salue#salve,7,1.41
alert,lusty#trail#alert,3,1.4
plait,whare#flask#alamo#plant#platt#plait,6,1.31
penny,totes#edile#peppy#peggy#perry#penny,6,1.35
kneed,gryde#adieu#cedes#vowed#embed#kneed,6,1.49
siege,fusks#satyr#semie#slide#sieve#siege,6,1.52
thong,rizas#hyleg#cohog#thong,4,1.3
surly,thawy#fuggy#bubby#cundy#murry#pursy#surly,7,1.27
dryer,bayes#keyed#dryer,3,1.23
arbor,derat#grama#aryls#ariki#arbor,5,1.34
brink,stull#poncy#mneme#bwana#brink,5,1.35
brown,drows#brown,2,1.21
dealt,tunes#metre#lefty#dealt,4,1.32
wight,grans#egged#fugio#kight#might#light#tight#bight#pight#wight,10,1.36
audio,vulgo#junco#fuero#putto#audio,5,1.24
shorn,emerg#intra#nurrs#scorn#sworn#shorn,6,1.26
unfed,faena#elfin#unfed,3,1.48
trice,blued#onery#ferms#gripe#trite#trice,6,1.41
lousy,diyas#lysol#lousy,3,1.29
proof,buats#feyed#whoof#kloof#groof#proof,6,1.29
least,trets#setae#beast#yeast#feast#heast#least,7,1.46
spend,eilds#skyed#stead#spend,4,1.39
gauge,aster#caeca#fakie#valve#gamme#gadje#gauge,7,1.37
cover,trees#wared#rumen#lifer#yoker#boxer#hover#cover,8,1.3
opium,thars#pinup#opium,3,1.27
robot,lamer#dorrs#rotch#rozit#robot,5,1.32
defer,synes#fleet#grief#defer,4,1.23
scare,grabs#starr#spard#sware#share#scare,6,1.27
leash,blabs#lyase#leash,3,1.23
never,desse#neemb#netty#newel#never,5,1.23
turbo,carom#horny#turbo,3,1.25
storm,blowy#quops#stook#store#storm,5,1.27
smock,dildo#azote#known#skogs#shook#spork#smock,7,1.51
orbit,idler#arris#orbit,3,1.41
evoke,kisan#whelk#byked#gecko#evoke,5,1.32
caste,tuktu#celts#caste,3,1.23
parer,taxes#mamey#waked#pareo#parev#paren#pareu#parer,8,1.28
asset,acton#atlas#adust#asset,4,1.26
bluff,divas#whoop#truly#clunk#bluff,5,1.29
fishy,foody#fluky#fancy#fishy,4,1.24
leech,cyton#scapa#recce#keech#leech,5,1.4
ingot,faiks#pewit#lirot#ingot,4,1.34
farce,atigi#haafs#faery#faver#farle#farce,6,1.51
tasty,petit#stuff#tacos#tasty,4,1.42
fable,zoaea#leear#maile#fable,4,1.49
vivid,byres#intil#qapik#modii#vivid,5,1.28
randy,thali#ocrea#sugar#ambry#randy,5,1.39
tower,footy#posit#botel#towed#tower,5,1.28
salsa,venus#boost#paysd#marsh#salsa,5,1.34
karma,resew#mudra#grama#parma#karma,5,1.34
suave,pavin#schav#selva#suave,4,1.41
snack,rodeo#milks#skank#snack,4,1.32
mulch,cabas#ethic#mucho#mulch,4,1.34
squib,grows#tasse#psych#skunk#slubb#squib,6,1.37
hairy,onium#reird#shirs#hairy,4,1.26
slant,facta#trank#quant#slant,4,1.62
amply,cants#deawy#azygy#abray#alloy#amply,6,1.35
geese,samek#gesso#geest#geese,4,1.37
snake,dreed#ensky#snoke#snake,4,1.53
pence,linky#rente#hence#pence,4,1.26
coven,tunds#gnawn#leben#ripen#hoven#coven,6,1.35
blood,kbars#globy#blond#blood,4,1.29
booze,kepis#erugo#theow#zooey#booze,5,1.32
color,barks#cruor#color,3,1.3
upper,slipe#wheep#apted#upper,4,1.32
ashen,briss#unsod#ashen,3,1.37
axiom,hogen#outro#jiaos#axiom,4,1.34
aping,essay#taata#amido#acini#aping,5,1.32
soggy,pomos#sowse#softy#soddy#sonny#soggy,6,1.26
tonic,thagi#twixt#tiyns#tunic#tonic,5,1.28
snout,tiyin#snoot#snort#snout,4,1.54
ennui,rolls#japed#teuch#ennui,4,1.29
sulky,tryma#heedy#gully#sulky,4,1.34
scald,saved#slaid#scald,3,1.23
avian,yerba#tacts#hodad#gulag#apian#avian,6,1.37
salad,yikes#rasta#sangh#samfu#saddo#salad,6,1.29
molar,wired#kauru#polar#volar#molar,5,1.38
hymen,calpa#joins#enure#hymen,4,1.39
zonal,swipe#aurum#tabby#logan#zonal,5,1.31
ocean,crool#onces#ocean,3,1.45
sloop,abbas#girsh#ensue#dsomo#spool#sloop,6,1.44
surer,huhus#suety#sujee#sured#surer,5,1.26
stank,thale#start#staun#stand#stang#stank,6,1.26
thorn,texas#tondo#thorn,3,1.23
glide,dipso#acidy#tride#imide#glide,5,1.32
impel,murre#satem#impel,3,1.49
ozone,dowly#brose#evohe#gnome#axone#ozone,6,1.46
tepid,orles#teeth#tempi#tepid,4,1.24
deter,sutra#titer#ofter#deter,4,1.24
liken,umras#ootid#pinky#liken,4,1.27
knack,enorm#inula#angas#knack,4,1.27
fetid,conky#sield#igged#teiid#fetid,5,1.41
going,snars#conne#going,3,1.25
bobby,vrouw#oaked#sycon#molly#gothy#pozzy#bobby,7,1.54
ovary,pukas#aroid#mowra#otary#ovary,5,1.4
vaunt,trull#scuft#mount#jaunt#gaunt#vaunt,6,1.27
winch,tuple#civvy#zincs#finch#ginch#winch,6,1.32
eclat,rater#etnas#eclat,3,1.51
login,cleek#laids#logoi#login,4,1.43
stale,basis#sella#swale#scale#shale#stale,6,1.43
admin,besom#mimic#admit#admix#admin,5,1.27
bread,haply#audad#strad#bread,4,1.48
smell,reuse#pones#essay#smeik#smelt#smell,6,1.49
avail,grigs#illth#lamia#quail#avail,5,1.39
gonad,auric#dhals#waddy#edema#gonad,5,1.4
stunk,witan#snoot#synth#stung#stuns#stunk,6,1.4
guile,gauzy#guide#guile,3,1.23
umbra,tunas#whaur#urbia#umbra,4,1.37
shame,skaws#slain#suave#seame#shame,5,1.23
phone,wonky#napoo#phone,3,1.59
sorry,hulky#tipsy#jasey#sorry,4,1.26
khaki,strae#gazoo#china#bhaji#khadi#khaki,6,1.29
dicey,tecta#niche#bices#diced#dicey,5,1.26
drift,curet#rybat#print#grift#drift,5,1.26
treat,sulci#raged#beray#whear#treat,5,1.31
stick,stoup#stain#styli#stied#stiff#stick,6,1.27
rouge,cyclo#oomph#doest#joker#rouge,5,1.54
forth,tabis#eject#mouth#rowth#forth,5,1.3
clerk,natch#sclim#lucky#cleek#clerk,5,1.39
smack,gobos#ysame#small#smart#smaik#smack,6,1.45
crime,gwine#esile#tride#cripe#crime,5,1.26
apple,toges#revue#knawe#apple,4,1.29
cacao,stied#abaca#racon#wacko#macho#cacao,6,1.32
boxer,tubar#brier#bower#boner#boxer,5,1.26
needy,bobol#stumm#whine#vegan#fendy#nerdy#neddy#needy,8,1.57
panic,hogan#annex#punka#panic,4,1.5
clank,ezine#stuns#prana#dwang#flank#blank#clank,7,1.31
mayor,topos#recon#arbor#mayor,4,1.24
sooty,stroy#sooty,2,1.24
dirge,diyas#dirke#dirge,3,1.25
blurb,egads#innit#myopy#cruck#flurr#blurb,6,1.28
borax,chert#grams#loral#foray#borax,5,1.35
papal,ruers#choof#attap#japan#papaw#papal,6,1.29
slung,views#assay#scoop#sukuk#slurb#slung,6,1.38
belly,clegs#belle#belly,3,1.35
segue,slews#serre#sente#seaze#segue,5,1.24
lilac,uptak#areas#yojan#bimah#lilac,5,1.27
gnome,allel#eking#negro#conge#gnome,5,1.48
irate,clung#afara#reamy#drave#braze#wrate#irate,7,1.43
billy,blart#bobol#belle#bulls#billy,5,1.23
lathe,vesta#thrae#eathe#lathe,4,1.44
furor,firms#furan#furor,3,1.22
shake,conus#shear#shape#shave#shake,5,1.34
arose,spays#cesta#eskar#raise#arose,5,1.49
ficus,dagga#ethos#incus#ficus,4,1.45
undid,raird#iodid#undid,3,1.21
armor,totty#ovolo#incog#ardor#armor,5,1.54
weedy,maxes#cetyl#peppy#fezzy#hedgy#debby#reedy#needy#weedy,9,1.37
revue,tenne#bedye#peece#helve#verge#revie#revue,7,1.27
ramen,thine#eensy#namer#ramen,4,1.48
ruler,clung#quill#luted#pules#muley#ruler,6,1.59
punch,smerk#banco#punch,3,1.26
glaze,theow#leave#flake#slane#blaze#glaze,6,1.46
stand,match#stale#staid#stand,4,1.54
refit,keens#redly#rehab#recto#remit#refit,6,1.26
coast,uprun#lotos#joist#boast#toast#coast,6,1.44
delta,ancle#sales#relax#pelma#delta,5,1.57
epoch,argus#volte#owned#kebob#emoji#epoxy#epoch,7,1.34
flush,tumpy#boule#churl#slush#flush,5,1.5
condo,pukes#malva#bifid#dodgy#condo,5,1.31
haunt,cloye#runds#input#taunt#vaunt#naunt#gaunt#jaunt#haunt,9,1.35
wrath,swobs#advew#rawly#whaur#wrath,5,1.43
mound,trant#using#quonk#mound,4,1.24
fever,urdee#rater#goier#syker#elver#bever#fever,7,1.29
twirl,skats#thief#twixt#twirp#twirl,5,1.34
rusty,patin#sturt#turds#rusty,4,1.37
corer,dekko#cooee#coyer#coper#corer,5,1.63
urine,chias#ojime#glide#evite#quire#urine,6,1.27
raise,arish#raise,2,1.23
aloof,elpee#flank#alfas#aloft#aloof,5,1.24
trope,tears#tuyer#throe#trode#trope,5,1.26
knead,temed#eland#snead#knead,4,1.27
mucky,doomy#mamey#mussy#muzzy#muhly#muggy#mucky,7,1.31
range,coots#bezel#ering#range,4,1.34
resin,owsen#resin,2,1.22
tarot,acais#quoad#magot#jabot#tarot,5,1.38
offal,paler#limas#ulnad#coxal#offal,5,1.35
crepe,aster#eerie#frere#crewe#creme#crepe,6,1.3
squad,pacer#amnia#blash#squad,4,1.32
wreak,thymi#noose#agued#velar#freak#wreak,6,1.41
angst,vouch#nyala#ainee#angst,4,1.48
vouch,meril#hyphy#sangh#kotch#cooch#vouch,6,1.34
tempo,peavy#delph#kempt#tempi#tempo,5,1.27
undue,taxis#bundh#drunk#undug#undue,5,1.29
dodge,tatts#huggy#corgi#modge#lodge#podge#wodge#bodge#dodge,9,1.38
theta,balsa#forza#penna#edema#theta,5,1.27
unwed,devon#bunde#upend#unred#unwed,5,1.7
prove,pusle#prime#prate#preve#prove,5,1.26
valor,stere#jagir#makar#labor#valor,5,1.33
worst,stobs#lotsa#towsy#worst,4,1.53
snowy,pucks#saser#synth#snowy,4,1.4
bible,atria#piing#milos#field#bible,5,1.38
munch,jingo#tends#canna#bunch#runch#hunch#lunch#punch#munch,9,1.28
flyer,whops#zigan#elude#blert#flyer,5,1.35
hutch,flyby#zetas#jotun#mutch#kutch#cutch#dutch#hutch,8,1.58
sport,chemo#fools#stonk#spout#sport,5,1.37
offer,bonza#duroy#omers#owler#other#ocker#offer,7,1.43
swell,agila#smolt#skulk#seeld#snell#swell,6,1.26
slash,denar#soapy#sials#shawl#slash,5,1.3
sheep,lucre#awned#vexes#smeek#sheet#sheep,6,1.38
whine,scads#frill#piing#quint#whiny#whine,6,1.31
scary,prams#roast#scaur#scare#scarf#scary,6,1.3
lusty,ayelp#yolky#lurry#luvvy#lummy#lusty,6,1.35
outdo,krone#misgo#tacho#pluto#outdo,5,1.33
ridge,takky#chirr#rubli#rimes#ridge,5,1.45
floor,react#zoril#floor,3,1.32
zebra,brane#yerba#zebra,3,1.55
lunch,brios#tendu#nanua#munch#punch#lunch,6,1.29
polka,kapow#poake#polka,3,1.74
maxim,furor#jedis#lapin#magic#maxim,5,1.4
blaze,chiks#urger#exome#awave#plate#blaze,6,1.37
smelt,pulas#slish#skelm#smell#smelt,5,1.35
fifty,goers#pappi#nitid#ticky#wifty#fifty,6,1.24
gaunt,tsars#manet#vaunt#haunt#gaunt,5,1.34
opine,pokey#opepe#opine,3,1.48
bayou,kanas#laced#gator#yahoo#bayou,5,1.24
limbo,treen#woofs#alloy#oculi#limbo,5,1.35
trust,tians#testy#trust,3,1.24
moody,axons#quoll#boody#woody#hoody#doody#foody#goody#moody,9,1.3
ghost,flaff#hongs#ghost,3,1.48
group,tonal#uredo#group,3,1.29
pedal,ports#punga#peavy#pedal,4,1.24
tumor,aleft#crwth#stirp#tutor#tumor,5,1.3
emcee,copay#sclim#merch#emcee,4,1.35
latch,colds#lacey#lanch#lauch#latch,5,1.33
goofy,bails#potty#woozy#coomy#goody#goory#gooey#goony#gooky#goofy,10,1.33
abide,turks#nonyl#vifda#azide#abide,5,1.3
pagan,jures#manly#napoo#pavan#pagan,5,1.28
pitch,trode#gatch#hutch#fitch#pitch,5,1.3
brawn,sties#mural#braza#brawn,4,1.27
deuce,grund#spuds#educt#deuce,4,1.24
gaffe,bogus#giant#gadge#garre#gaffe,5,1.34
bribe,rauns#omber#berry#breid#bribe,5,1.3
dross,unrid#dozer#droog#dross,4,1.4
sniff,terra#kibbi#plims#suing#scion#sniff,6,1.3
bloke,tyres#lumme#dalle#plebe#blive#bloke,6,1.3
probe,agene#pokie#prole#prore#prose#probe,6,1.26
burst,arils#noser#usury#qursh#durst#wurst#burst,7,1.32
goner,solos#bodhi#motey#power#koker#corer#gofer#goner,8,1.29
triad,tyres#trugo#track#trial#triad,5,1.26
often,techs#duett#atoke#extol#moten#often,6,1.43
gamer,vying#trugs#gager#gazer#gaper#gamer,6,1.52
musky,pongs#sissy#busky#musky,4,1.35
infer,yacca#knurr#sneer#infer,4,1.45
tidal,dulce#hadal#nodal#tidal,4,1.37
drove,dunam#dited#desse#drove,4,1.35
truce,veers#cryer#erick#trace#truce,5,1.45
spank,yucas#angst#nashi#senza#spawn#spank,6,1.46
chick,blend#packs#kotch#chuck#chick,5,1.35
swing,boson#dunsh#nagas#sting#swing,5,1.72
chock,rindy#sowff#chook#chock,4,1.34
whole,quipo#boson#oxeye#zlote#haole#whole,6,1.55
toxic,saros#ogeed#mochy#topic#tonic#toxic,6,1.34
flesh,tifos#scaff#feese#fresh#flesh,5,1.34
bride,heils#brief#brine#brize#bride,5,1.26
store,washy#guest#tsked#store,4,1.48
felon,rolfs#oflag#felon,3,1.24
chess,vendu#raper#exeme#swell#kiefs#obeys#chess,7,1.51
queue,faver#pulse#ounce#guide#queue,5,1.38
bleak,soggy#vehme#abear#bleak,4,1.38
soapy,smoko#softa#sobas#soare#soapy,5,1.27
knelt,clads#lowly#merle#exult#knelt,5,1.34
irony,bassi#lipin#joint#irony,4,1.36
fried,tacho#finds#flied#fried,4,1.31
gouge,tousy#found#louma#courb#hough#gouge,6,1.29
trend,discs#readd#tyred#trend,4,1.4
title,afoul#lysed#blert#ettle#ixtle#title,6,1.37
straw,vomer#dryad#ranas#scrab#surah#strag#strap#straw,8,1.43
truss,reame#skirl#fyrds#progs#bruts#truss,6,1.37
modem,pipes#raker#cohen#wowed#modem,5,1.27
chill,fango#debby#immix#lisks#curli#chill,6,1.38
epoxy,coxib#xenon#flexo#epoxy,4,1.53
caper,sarks#nagor#water#bayer#vaper#caper,6,1.29
dusky,hymns#upsey#fussy#busby#tusky#dusky,6,1.42
outgo,emacs#uplit#outro#outgo,4,1.27
bingo,velar#nymph#jinns#ginzo#bingo,5,1.35
crisp,spail#pises#crisp,3,1.43
crump,zaida#cwtch#colly#cures#crunk#crumb#crump,7,1.44
bully,cocci#vapes#durgy#hubby#butty#buzzy#bully,7,1.48
vigor,fribs#rieve#vicar#vigor,4,1.43
loamy,okras#banjo#miaou#loamy,4,1.4
angle,flake#telae#lapse#argle#angle,5,1.29
haute,kaifs#galvo#mahua#nauch#haute,5,1.31
savor,flite#amman#darbs#saury#savor,5,1.34
stove,looie#stone#store#stove,4,1.26
hussy,demoi#huggy#hurry#hussy,4,1.28
tawny,gobis#ataxy#tarry#tanty#tawny,5,1.31
gauze,torse#venae#plage#aggie#gaffe#gauze,6,1.29
broad,togas#occam#quoad#broad,4,1.25
dowdy,diced#drool#dopas#donny#dobby#doggy#dowdy,7,1.3
inane,dhoti#mizen#beins#inane,4,1.46
topaz,natty#adust#tical#tweak#topaz,5,1.56
livid,piccy#rimes#hijab#zizit#livid,5,1.3
beget,tenge#retag#geest#begot#beget,5,1.29
llama,sumps#claim#llama,3,1.38
shock,shuck#shack#shock,3,1.24
aorta,ureal#starr#ratio#aorta,4,1.38
shine,saugh#sidhe#shite#shire#shive#shine,6,1.27
input,acted#tooth#stuns#unlit#input,5,1.34
wafer,apeek#harem#raged#caner#wafer,5,1.31
spoil,trets#ossia#spoil,3,1.31
taunt,bells#yourn#thunk#taunt,4,1.31
witty,hones#kawau#twixt#wifty#witty,5,1.27
creek,easts#deuce#ocker#creek,4,1.32
stood,arcos#bison#segol#smoot#stook#stoop#stood,7,1.29
recut,vraic#occur#recut,3,1.38
leafy,shirk#pagan#buffa#leafy,4,1.31
sober,agile#vexer#wooer#roker#coyer#toner#hoper#fouer#sober,9,1.37
forge,poohs#rowme#forze#forte#force#forge,6,1.29
stink,vibex#trick#stink,3,1.41
force,awner#erect#mercy#force,4,1.37
bawdy,belly#booky#busby#byway#bawty#bawdy,6,1.27
frank,vanes#cnida#alang#brank#prank#trank#frank,7,1.32
blurt,beams#bilby#boult#blunt#blurt,5,1.26
dizzy,welds#hodad#dirty#dizzy,4,1.3
prime,sedes#early#inert#grike#frize#price#prime,7,1.45
fetal,hests#petit#fetwa#fetal,4,1.26
paper,tosas#aargh#laver#caner#wader#fayer#japer#raper#paper,9,1.32
grade,goeth#gapes#glace#grade,4,1.25
pilot,cutes#wifty#tiara#pipit#pight#pivot#pilot,7,1.31
clang,nizam#yawns#plant#klang#alang#clang,6,1.56
snuck,kight#smerk#skulk#snuck,4,1.4
cheat,gambo#appal#skean#cheat,4,1.42
flora,blore#slorm#flory#flora,4,1.27
chuck,cedis#croft#chawk#chuck,4,1.26
found,smurs#cough#joual#fouet#found,5,1.27
clone,cutes#combe#crone#clone,4,1.29
equip,summa#blunk#yourt#exude#equip,5,1.34
hefty,forby#unify#hefty,3,1.24
bagel,vails#palet#hazel#bagel,4,1.26
aside,duple#hynde#geode#irade#aside,5,1.26
shire,towny#carpi#shirr#shirs#shirk#shire,6,1.43
quart,skyte#oobit#alant#tuart#quart,5,1.29
plaid,untin#milia#glaik#plaid,4,1.25
freak,terfs#fried#frere#freon#freak,5,1.41
lower,apron#coure#bower#tower#dower#vower#lower,7,1.43
flint,leave#grill#ilium#flint,4,1.35
tutor,wazoo#misos#pudor#furor#tutor,5,1.28
raven,cuifs#podge#emeer#ratel#ravey#raven,6,1.34
testy,mains#woosh#steep#testy,4,1.26
skate,upter#toile#caste#state#skate,5,1.41
natal,twilt#katal#datal#fatal#ratal#natal,6,1.59
bison,skyer#dunsh#inspo#vison#bison,5,1.37
trout,waged#union#mouls#chout#trout,5,1.32
oddly,lunet#slily#rawly#oddly,4,1.3
satyr,mausy#sayid#satyr,3,1.26
egret,ampul#reign#edger#egret,4,1.34
agree,scody#vixen#kelep#ragee#agree,5,1.34
parse,apode#paste#pause#parse,4,1.28
carry,teras#marvy#narky#barby#farcy#carry,6,1.27
laugh,dagga#cangs#pargo#faugh#waugh#haugh#kaugh#laugh,8,1.32
hydro,tatou#omovs#wordy#hydro,4,1.38
quilt,soole#myall#whilk#guild#quilt,5,1.26
sieve,withy#sixer#sidle#sieve,4,1.23
elder,silva#zlote#blend#elder,4,1.29
jumbo,tommy#limbo#zambo#kembo#jumbo,5,1.24
suing,trats#obese#cusum#suing,4,1.31
spark,liers#snort#sabra#scarf#spark,5,1.28
meant,barns#flank#xoana#inane#meany#meant,6,1.29
krill,spoot#lycra#riled#grill#krill,5,1.35
scram,rizas#ursae#oscar#scray#scram,5,1.26
anime,valis#tiara#chiao#adieu#amine#anime,6,1.39
regal,drays#ocrea#range#retag#regal,5,1.37
grant,thete#diact#boast#plant#grant,5,1.47
twice,iotas#trill#think#teiid#twite#twice,6,1.31
money,teugh#spied#allee#cozey#money,5,1.48
grail,fends#humic#avail#brail#trail#grail,6,1.31
bushy,atimy#envoy#busky#bushy,4,1.27
ought,thans#other#oucht#ought,4,1.34
quote,howff#paolo#ytost#tronc#emote#quote,6,1.63
intro,cloys#tango#nitro#intro,4,1.31
fling,speks#galah#bigly#cling#fling,5,1.37
being,lysis#zombi#fiber#beige#being,5,1.39
moist,agast#ytost#ovist#roist#zoist#joist#foist#hoist#moist,9,1.31
omega,lazzi#genoa#omega,3,1.42
tabby,roils#fumed#pappy#wanky#catty#taggy#tabby,7,1.31
wrist,vutty#graft#prest#crost#wrist,5,1.58
wordy,jeans#dubbo#fiord#rowdy#wordy,5,1.29
would,unked#bourd#could#would,4,1.27
stump,stile#stoss#stymy#stump,4,1.25
blare,tophe#deuce#ligge#slake#flare#blare,6,1.29
crone,caids#cyber#croze#crome#crore#crone,6,1.26
afire,trigo#raise#afire,3,1.23
navel,dowle#tales#favel#cavel#gavel#javel#ravel#navel,8,1.5
basic,pepla#fangs#saist#basij#basic,5,1.4
exist,lamps#sushi#frise#exist,4,1.34
bleep,tunny#gazar#peels#clepe#bleep,5,1.49
gayer,donny#yucas#trayf#bayer#payer#gayer,6,1.48
allay,ephas#farad#muzak#ollav#allay,5,1.27
slate,torta#kyats#swath#spate#slate,5,1.25
steel,eaned#motet#tiger#steel,4,1.29
decor,talcy#mucic#jocks#recon#decor,5,1.35
heavy,fears#neath#heave#heavy,4,1.24
biddy,wedel#kiddy#tiddy#middy#diddy#biddy,6,1.28
began,fugio#jaggy#vegas#begad#begat#begar#began,7,1.29
spoke,toted#ohone#psoae#spoke,4,1.48
cobra,apayd#babul#cobza#cobra,4,1.56
amber,regna#sared#blaer#amber,4,1.6
curio,viold#inion#oasis#rozit#curio,5,1.64
fruit,duomo#kauru#brung#truly#cruet#fruit,6,1.51
quoth,coach#butoh#quoth,3,1.23
whale,xylyl#prole#scale#dwale#whale,5,1.77
sheik,shoot#shuck#shmek#sheik,4,1.23
blade,thein#geyer#amuse#calve#dwale#blade,6,1.45
nobly,sdein#brant#konbu#nobly,4,1.29
whelp,chert#pheon#aheap#sheep#whelp,5,1.26
trick,vagal#sizes#mucid#croci#prick#wrick#trick,7,1.46
halve,whirr#munch#hahas#haled#halve,5,1.54
party,lycee#yourn#praty#party,4,1.41
chore,janty#grove#score#chore,4,1.34
occur,abate#world#micro#occur,4,1.3
flash,mausy#dorsa#sease#avast#gnash#flash,6,1.25
earth,fakey#darre#earnt#earth,4,1.26
small,corgi#salep#smalm#smalt#small,5,1.34
baggy,tules#boggy#baggy,3,1.26
enemy,biach#loved#treyf#syens#enemy,5,1.34
beret,birsy#boral#burgh#beret,4,1.27
joint,abray#demes#flown#junco#joint,5,1.4
shiny,bliny#meiny#rainy#whiny#shiny,5,1.26
alone,proxy#ahold#aloes#alowe#alone,5,1.29
dolly,sears#notch#folly#wolly#polly#lolly#dolly,7,1.31
idiot,herse#wigan#comix#oboli#quipo#idiot,6,1.31
event,spayd#ficin#benne#event,4,1.31
metro,howff#oumas#promo#metro,4,1.64
scout,unrid#lehua#pupus#soyuz#stout#smout#scout,7,1.4
tread,croup#brere#dregs#aredd#tread,5,1.26
where,uraos#derry#there#where,4,1.28
motif,sodas#booty#comet#motif,4,1.25
burnt,embay#throb#burst#burnt,4,1.29
south,bedim#roons#hoast#toshy#sowth#south,6,1.35
elope,algal#flute#cleve#slide#elope,5,1.26
adept,unlet#reest#wheat#adept,4,1.23
synod,edged#woald#fjord#synod,4,1.23
china,denay#chana#china,3,1.35
place,quest#capex#apace#peace#place,5,1.45
optic,dices#acini#roric#ohmic#optic,5,1.35
crash,doest#whiss#gnash#clash#crash,5,1.25
shaky,undug#frise#sotol#samba#shays#shaky,6,1.56
satin,serai#sakia#sadis#sahib#satin,5,1.27
reach,vells#berko#rehem#reach,4,1.27
fixer,styed#hovea#luger#miner#firer#fiber#fixer,7,1.29
frame,conky#ramps#brame#frame,4,1.43
alley,amoks#adunc#avale#aglet#allel#alley,6,1.27
shunt,didst#ashet#gosht#shunt,4,1.26
grate,stade#trave#frate#grate,4,1.26
tough,deads#murry#unpin#boult#tough,5,1.26
blast,speat#hoast#brast#blast,4,1.26
windy,comms#annex#bungy#lindy#kindy#rindy#windy,7,1.38
bluer,eliad#slope#gluey#bluet#bluer,5,1.26
booty,wools#boord#boogy#boomy#booty,5,1.28
plant,fifed#chapt#apart#plant,4,1.37
extra,porky#razed#abers#flare#tetra#extra,6,1.51
front,kagus#event#print#front,4,1.3
meaty,tatus#etyma#meaty,3,1.46
solve,rasta#bubus#sepoy#snoek#solve,5,1.41
twist,speat#gosht#trust#twist,4,1.26
paddy,waspy#haply#pardy#pandy#paddy,5,1.26
touch,fents#hitch#touch,3,1.31
arise,surat#czars#roosa#arise,4,1.54
begin,kamis#pudic#bewig#begin,4,1.26
lefty,thuds#coapt#jetty#lefty,4,1.36
waist,greek#savoy#facts#tassa#maist#waist,6,1.41
ratty,hazed#tanks#gamut#balti#facta#ratty,6,1.29
usurp,blams#hoosh#scute#usury#usurp,5,1.34
junta,wersh#minty#bantu#junta,4,1.26
clued,trows#lingy#alula#plumb#clued,5,1.3
safer,patly#mango#dadas#cause#raser#sawer#saker#saber#safer,9,1.34
voter,hejra#prese#eyrir#oxter#voter,5,1.47
flock,gumma#ketch#yoick#crock#block#flock,6,1.43
pasty,taces#satay#vasty#pasty,4,1.25
visor,uncap#diets#sixmo#kiosk#visor,5,1.34
unfit,matzo#skirt#unlit#unwit#unfit,5,1.38
plead,becks#entry#fovea#maize#wheal#plead,6,1.42
snuff,gobis#sesey#skull#stumm#scurf#snuff,6,1.3
tiara,pewee#mumus#zonal#radix#ariki#virga#tiara,7,1.5
stair,lassi#isnae#stipa#stair,4,1.64
blank,turms#click#gleek#blank,4,1.31
daily,howes#pluck#zygal#baldy#madly#daily,6,1.32
peach,foehn#huger#ephah#peach,4,1.54
tardy,sista#tatar#taroc#targe#tardy,5,1.4
brawl,gland#small#crawl#wrawl#brawl,5,1.27
grout,urbex#prahu#drums#crout#trout#grout,6,1.29
enema,dotes#fille#urena#enema,4,1.31
final,blady#latch#anele#kulan#monal#final,6,1.65
avoid,lived#ovoid#avoid,3,1.26
aging,swoln#inned#rainy#acing#axing#ahing#aking#aging,8,1.4
jolly,twerk#malam#xylol#goldy#polly#lolly#colly#holly#jolly,9,1.38
butch,nidor#chace#butch,3,1.29
pinch,krabs#julep#hippy#pight#pinch,5,1.3
lurch,thegn#hakas#mochi#culch#lurch,5,1.37
leggy,gawks#hygge#leggy,3,1.32
unlit,ardri#eejit#unfit#unwit#unlit,5,1.41
slimy,liken#ictal#folio#shily#slimy,5,1.38
horde,saute#hoyle#horme#horde,4,1.25
wager,feods#jaxie#eager#wager,4,1.31
junto,touse#quoth#junto,3,1.29
minus,turme#smush#adsum#minus,4,1.39
dingo,totty#odour#daiko#dildo#dipso#dimbo#dingo,7,1.7
exile,cared#ensue#evohe#ettle#exile,5,1.34
lance,monde#sense#panne#hance#rance#lance,6,1.27
blitz,urari#zimbs#bezil#blitz,4,1.4
shirk,paned#biffs#squit#shish#shily#shirr#shirk,7,1.34
rayon,acnes#nabla#wagon#maron#rayon,5,1.32
magma,snyes#chirt#aldol#buffa#mamma#magma,6,1.32
hence,bonce#dunce#lance#yince#fence#hence,6,1.27
psalm,tosed#jambs#aswim#psalm,4,1.34
video,polly#oaken#mimeo#video,4,1.49
could,newie#about#hough#souks#pouff#loury#could,7,1.43
plaza,epoch#pinup#psalm#platy#plaza,5,1.34
poppy,purls#poofy#poney#poddy#pommy#potty#pocky#pozzy#poppy,9,1.29
voila,wayed#urban#loach#voila,4,1.38
waxen,rhine#lumen#token#zazen#daven#basen#waxen,7,1.41
groin,ionic#eloin#quoin#proin#groin,5,1.24
chart,tikas#antre#otary#quart#chart,5,1.37
spelt,valor#kitul#leets#blest#swelt#smelt#spelt,7,1.37
dirty,viand#dibbs#dirty,3,1.27
baron,chawk#eupad#banns#bavin#baton#baron,6,1.63
fence,hetes#peage#renne#venue#fence,5,1.24
quota,addio#haoma#zooea#flora#quota,5,1.56
koala,emirs#nancy#oflag#aloha#dobla#koala,6,1.3
lorry,titch#wormy#foray#lorry,4,1.41
shift,dolia#ennui#jimmy#chics#shish#shift,6,1.32
cleft,salix#vowel#lezzy#fugle#cleft,5,1.3
smirk,tanti#imbue#smirr#smirk,4,1.32
total,piney#batch#attar#jotas#total,5,1.32
catch,batik#sates#fatty#natal#catch,5,1.24
heave,tosas#cagey#repla#feaze#heave,5,1.36
bleed,girts#ewhow#bayed#bleed,4,1.3
ionic,venal#tunny#ionic,3,1.24
batty,fixit#etape#natch#datal#batty,5,1.74
carve,curbs#carvy#carve,3,1.22
clock,gojis#deoxy#khoum#crook#clock,5,1.34
clear,longs#myall#palki#aldea#blear#clear,6,1.35
print,gally#cower#truth#frist#print,5,1.38
solar,galop#ollav#solas#solan#solah#solar,6,1.26
stain,unbar#canns#aspen#stain,4,1.51
graze,marle#areae#crake#trape#graze,5,1.26
doing,tsubo#heron#moony#gonna#doing,5,1.36
aroma,pudic#fosse#nylon#matzo#abohm#aroma,6,1.39
hound,deary#idiom#would#pound#found#bound#sound#hound,8,1.34
stung,tokes#gutsy#stung,3,1.27
habit,spaul#aroba#kebab#tabid#habit,5,1.28
fetus,hoick#dates#fetus,3,1.37
sheen,drupe#geist#bleys#sneak#shewn#sheen,6,1.46
catty,kivas#junta#arett#catty,4,1.35
woven,kaids#whelp#weber#women#woven,5,1.27
quell,beers#ahent#dwell#quell,4,1.23
array,drums#orbit#creep#argan#arrah#array,6,1.28
oaken,djinn#upran#wagon#oaken,4,1.23
torus,tikes#twals#tohos#tofts#touns#torus,6,1.25
great,telae#sceat#wheat#great,4,1.26
inlet,sutra#blitz#enlit#inlet,4,1.29
hyper,acids#holon#hythe#hyper,4,1.28
spear,thete#skeds#sieur#spear,4,1.21
recap,tilts#enarm#abear#rugae#rewax#recap,6,1.37
staid,luged#apayd#izard#staid,4,1.24
mambo,waled#tacky#razoo#fango#basso#mambo,6,1.29
shell,siped#sweys#stell#skell#snell#shell,6,1.21
swine,unais#rinse#swine,3,1.35
scaly,bevvy#fishy#sonsy#spumy#slyly#sadly#scaly,7,1.31
polar,wadis#afara#rugae#troak#boyar#polar,6,1.35
gloss,ahind#gooby#glogg#glost#gloss,5,1.31
rouse,tuner#cruve#loure#rouge#rouse,5,1.45
privy,ducts#boree#rainy#privy,4,1.32
ghoul,sauts#fumer#vodou#choux#ghoul,5,1.34
gayly,biggs#moong#agape#gutta#gally#gayly,6,1.41
stork,berth#trawl#roton#stour#story#stork,6,1.43
mogul,howfs#motel#mogul,3,1.25
macro,cursi#erect#rocky#macro,4,1.32
grand,rubus#gnarr#grant#grand,4,1.38
risen,minor#nitry#airns#risen,4,1.27
sixth,totty#kents#swith#sixth,4,1.25
envoy,tapen#noels#rhone#zendo#enjoy#envoy,6,1.39
plush,tokos#using#smush#blush#plush,5,1.43
crust,ciggy#chock#caped#curfs#crust,5,1.26
dread,therm#breis#drear#dread,4,1.25
pooch,vista#mucho#choke#broch#hooch#pooch,6,1.32
crick,nyala#mozed#suits#brick#wrick#crick,6,1.37
mercy,radge#beryl#yerks#mercy,4,1.38
mucus,faver#ditch#cocks#uncus#mucus,5,1.31
slush,toots#saser#squid#slump#sluff#slush,6,1.43
rider,ernes#maker#jiver#firer#tiger#riper#ricer#rider,8,1.3
palsy,dotal#avale#ralph#palki#palmy#palsy,6,1.46
hitch,dicot#witch#pitch#gitch#fitch#titch#hitch,7,1.28
aback,deray#goafs#abaci#aback,4,1.32
denim,rajes#ledgy#demon#denim,4,1.27
torch,ulpan#gobos#hover#forth#torch,5,1.3
voice,soums#downa#hotch#voice,4,1.26
wheel,tyler#vowel#aweel#wheel,4,1.26
hovel,sudsy#ajiva#roven#covet#hovel,5,1.34
scowl,taata#bosom#osier#scudo#scoff#scogs#scowp#scowl,8,1.62
spoon,basks#slope#swoop#spoof#spoom#spoon,6,1.4
ample,brank#cilia#lasts#ample,4,1.47
spent,duces#sensa#stein#shent#spent,5,1.38
comfy,korus#honed#motty#womby#comfy,5,1.26
score,vexer#kreng#torse#spore#swore#score,6,1.84
clack,knubs#maker#flaky#plack#clack,5,1.35
flare,blubs#flaxy#flamm#flail#flare,5,1.24
canny,wafts#yacka#daych#carvy#cabby#campy#cagey#canny,8,1.29
width,sites#mirth#fifth#tilth#width,5,1.26
dunce,unpin#guana#numbs#hunky#ounce#dunce,6,1.62
grown,mopes#narco#orlon#brown#frown#drown#grown,7,1.31
noble,fixit#clour#lobby#moble#noble,5,1.56
month,glias#rewet#couth#booth#month,5,1.29
blame,jotty#serum#edema#anime#clame#flame#blame,7,1.49
slack,prune#swish#smock#slack,4,1.28
recur,toped#ehing#quell#ursae#rebuy#recur,6,1.41
beset,whort#scatt#visit#muset#beset,5,1.27
diver,cowps#yarta#queer#jiver#liver#diver,6,1.38
octal,gatch#artic#octas#octal,4,1.27
wharf,alays#pratt#reave#hoard#wharf,5,1.27
lover,sowls#nonyl#louma#loipe#loxed#lover,6,1.3
still,tarok#xysti#zitis#islet#still,5,1.36
affix,genic#livid#puris#batik#affix,5,1.27
forum,uncap#kombu#mouls#jorum#forum,5,1.4
awful,styes#addax#aking#armor#ahull#awful,6,1.3
oxide,namma#lofty#dsobo#ephod#order#oxide,6,1.46
count,gotta#tombs#docht#coopt#covet#count,6,1.31
quill,fauns#ulzie#rubli#quilt#quill,5,1.31
dairy,tepal#aggro#hurra#mawrs#bairn#dairy,6,1.36
drier,luxes#bokeh#pared#cider#drier,5,1.27
glean,claes#pleat#ileal#fleam#blear#glean,6,1.26
beach,timbo#nawab#kbars#blade#beach,5,1.41
wimpy,sones#mythy#imply#primy#jimpy#wimpy,6,1.31
droop,vitex#houfs#agood#droob#drook#droop,6,1.38
wacky,treck#sucky#micky#wacky,4,1.35
spine,rased#snoke#sense#shine#spine,5,1.37
taboo,sayon#parol#gavot#taboo,4,1.24
clung,aland#cling#clung,3,1.23
gecko,finca#rebec#mecks#decko#gecko,5,1.37
ahead,stack#wigga#bolar#adhan#ahead,5,1.4
spout,synds#scrob#solah#smoke#stowp#spout,6,1.28
kinky,fluky#braky#gooky#dinky#zinky#sinky#hinky#pinky#kinky,9,1.29
lemon,doven#olein#pelon#lemon,4,1.24
minim,swive#choir#guqin#nitid#minim,5,1.32
rural,frees#porno#kurta#mural#rural,5,1.31
digit,apiol#disci#dined#dixit#digit,5,1.32
godly,lenti#alula#oddly#godly,4,1.31
bosom,smirs#mumsy#kasme#bosom,4,1.36
favor,byded#khafs#afoul#forza#favor,5,1.43
puree,inarm#fyrds#porer#puree,4,1.34
cynic,tuffs#cecal#chivy#cynic,4,1.37
maple,euked#belon#riels#maple,4,1.55
tweed,lamia#woons#cwtch#tweet#tweep#tweer#tweed,7,1.38
audit,ridgy#wadis#podia#audit,4,1.27
flung,twire#bolls#pygal#flung,4,1.31
shirt,alter#borty#chirt#shirt,4,1.31
hinge,trins#venin#winze#ainee#ginge#minge#binge#dinge#hinge,9,1.38
patch,toyer#attic#batch#patch,4,1.29
edify,torii#biked#ideas#edify,4,1.4
hotly,wombs#youth#hotly,3,1.24
riser,arere#rowed#ricey#riser,4,1.45
clump,mixup#frump#whump#stump#plump#clump,6,1.27
given,weans#conte#enemy#nided#hizen#given,6,1.37
robin,sords#cowry#rozit#robin,4,1.27
verge,bucko#xysti#rahed#grege#merge#verge,6,1.45
cameo,roger#floes#cameo,3,1.25
crawl,tubes#cinch#campy#croak#crawl,5,1.27
cyber,girds#roary#yrent#plyer#cyber,5,1.3
harpy,colls#meith#vughy#handy#harpy,5,1.32
merge,titch#saver#brome#merle#merge,5,1.46
realm,crips#twoer#derry#reman#realm,5,1.34
roomy,grume#forms#roomy,3,1.24
grain,turfy#rider#izars#grail#graip#grain,6,1.52
night,modem#urali#pinch#nighs#night,5,1.34
stint,watap#ytost#stunt#stent#stint,5,1.47
onion,mines#ngati#unify#inion#onion,5,1.34
siren,romal#gerne#siren,3,1.29
tryst,taber#tours#tryst,3,1.23
groom,armed#prism#groom,3,1.24
slick,starr#shove#slubb#slims#slink#slick,6,1.26
house,acmic#sorel#gosse#dowse#bouse#house,6,1.38
antic,redip#shtik#intil#antic,4,1.25
cumin,cully#curst#cuppa#cumec#cumin,5,1.26
feign,spues#cheth#large#deign#feign,5,1.4
dodgy,tawie#bunns#chord#doddy#dodgy,5,1.31
ebony,uraos#oomph#ejido#eloge#ebony,5,1.29
weary,squiz#lyart#goary#chary#deary#weary,6,1.4
alibi,esile#lairy#glial#plica#alibi,5,1.29
loose,warts#psyop#boose#moose#goose#noose#loose,7,1.35
stein,rowts#split#satin#stein,4,1.36
vista,tiger#licit#piton#fifth#vista,5,1.28
dwelt,ulvas#lolog#expel#feyly#while#dwelt,6,1.35
ivory,abrim#prize#koori#ivory,4,1.45
tight,defog#guimp#bigly#signa#kight#wight#tight,7,1.41
nutty,tsars#kelty#dotty#cutty#butty#putty#gutty#vutty#nutty,9,1.35
naval,trefa#ascon#maund#lanky#nahal#naval,6,1.37
acrid,ninon#ictal#scapi#acrid,4,1.5
cliff,pitas#ceili#click#cling#climb#cliff,6,1.32
buddy,nerks#combo#bhaji#buddy,4,1.27
wrong,styli#eared#rough#wrong,4,1.26
picky,foxes#jambu#dizzy#linty#piggy#picky,6,1.3
grace,tarty#gnarr#graip#grass#graze#grave#grame#grace,8,1.54
upset,cowal#jimmy#rebut#duvet#unket#upset,6,1.34
glare,farls#pilar#ultra#claro#alarm#blare#glare,7,1.47
swarm,kulas#roosa#aesir#swarm,4,1.46
leper,fires#arked#boner#utter#geyer#lever#leper,7,1.31
fewer,claes#egger#toyer#inner#heder#weber#fewer,7,1.29
topic,durrs#plank#topic,3,1.3
bough,sylph#vetch#omrah#hough#dough#bough,6,1.26
feral,demes#penal#recal#feral,4,1.24
scuba,foins#sassy#stela#shura#scuba,5,1.35
tacit,pomos#alter#thagi#takin#tacit,5,1.36
timid,reird#gadid#ovoid#fluid#mysid#timid,6,1.27
creep,viewy#pheon#slept#kreep#creep,5,1.29
prude,globy#apeak#empts#drupe#prude,5,1.43
trump,spurt#pruta#trump,3,1.25
snail,tugra#hajji#ixnay#anime#snail,5,1.49
knock,clour#acock#knock,3,1.23
ensue,dural#ungot#snuck#ensue,4,1.32
singe,rhomb#cades#segue#singe,4,1.37
sooth,sexed#shakt#soths#sooth,4,1.28
caput,ulnae#guava#ahuru#kaput#caput,5,1.42
spawn,solve#scant#snarf#spain#spawn,5,1.27
stoop,dolce#oxbow#sapor#spook#stoop,5,1.35
mammy,tosas#amuck#magma#malmy#mammy,5,1.37
graph,sooms#churl#earth#graph,4,1.43
imbue,tophe#razee#glide#imbue,4,1.26
frisk,biers#cursi#frisk,3,1.34
forte,orgia#doorn#rocky#borel#morse#forze#forte,7,1.43
inlay,tripy#imshy#ixnay#inlay,4,1.26
shook,towse#visor#sloop#shook,4,1.38
syrup,erica#strut#shrug#sorus#syrup,5,1.29
marsh,kylie#shoos#pshaw#trash#marsh,5,1.32
gulch,lanas#illth#gulch,3,1.31
label,leuds#laevo#latte#lacey#lager#lapel#label,7,1.24
slept,doyly#legal#elint#klett#slept,5,1.51
drone,ghaut#sybbe#forze#prore#drove#drome#droke#drole#drone,9,1.4
finch,weeke#liars#middy#zizit#finch,5,1.48
enact,paire#delta#tweak#enact,4,1.38
quirk,nenes#doomy#gauch#tutti#quill#quipu#quirk,7,1.35
crony,toeas#globi#choko#crony,4,1.24
after,cauks#rowan#hijra#blaer#adder#agger#armer#apter#after,9,1.41
verve,cavil#overt#vexer#verve,4,1.35
tally,ravey#laxly#gayly#bally#dally#wally#pally#sally#tally,9,1.26
friar,tyned#hilar#briar#friar,4,1.31
sting,agood#girrs#suing#sling#swing#sting,6,1.4
brood,hosta#erugo#orlon#proof#brood,5,1.32
water,molls#erbia#parae#facer#hater#gater#tater#water,8,1.4
flute,holms#appel#lucre#ulzie#fluke#flute,6,1.36
rebus,porin#stear#rykes#redds#resus#rebus,6,1.37
nosey,risps#losel#tosed#hosey#nosey,5,1.24
nudge,wales#teiid#endue#nudge,4,1.31
tying,ordos#yucky#gayal#hying#nying#vying#tying,7,1.35
rivet,tries#citer#rivet,3,1.26
ultra,sylis#ladle#aloha#ultra,4,1.37
dimly,terry#imshy#blimy#milky#dimly,5,1.29
bring,valse#drouk#frizz#iring#wring#bring,6,1.29
spill,stond#skier#saims#swill#spill,5,1.27
lowly,cowps#howff#dower#towny#jowly#lowly,6,1.26
boozy,tilts#bromo#booby#booky#boody#boozy,6,1.34
urban,koura#scaur#aurei#urnal#urban,5,1.63
lemur,neons#merle#lemur,3,1.27
icily,cnida#epics#icily,3,1.24
might,tenon#platt#squit#whift#micht#might,6,1.37
noisy,nisei#naris#noisy,3,1.23
penne,aidos#tutee#mneme#wenge#penne,5,1.26
pesto,caboc#lotto#mesto#resto#pesto,5,1.48
devil,aedes#demit#devil,3,1.23
quest,uredo#emeus#guest#quest,4,1.24
mimic,stipe#imari#dimly#himbo#mimic,5,1.31
glyph,craic#fugly#gleys#glyph,4,1.37
crass,alfas#hards#trabs#wraps#xrays#crass,6,1.37
guilt,divas#twite#guilt,3,1.3
trawl,turds#tramp#tract#train#trave#trawl,6,1.27
libel,forze#umped#tiges#jivey#linen#libel,6,1.45
shank,yarco#alaap#ghaut#dhaks#shank,5,1.35
moult,bunde#kauru#glugs#poulp#moult,5,1.35
scrum,reive#grrrl#burks#strum#scrum,5,1.45
smite,gutsy#haste#skite#smite,4,1.59
gloom,jibed#gruff#gants#ghyll#glogg#gloop#gloom,7,1.41
fluff,balas#ulcer#fluty#flump#fluff,5,1.36
ditto,muted#dotal#ditto,3,1.26
lasso,volae#awols#lasso,3,1.45
scrub,garre#unrid#yurts#shrub#scrub,5,1.29
batch,votes#mutha#gatch#latch#hatch#batch,6,1.27
pound,sulus#miaou#bough#yourn#pound,5,1.46
datum,wader#daubs#datum,3,1.26
dance,towny#annas#renga#zanze#pance#dance,6,1.46
rower,wenny#krewe#strew#owler#dower#vower#rower,7,1.84
spook,solah#snods#stott#spoor#spoom#spoof#spook,7,1.29
swami,times#sclim#swami,3,1.34
scrap,beaky#signa#solah#suras#sprat#scrap,6,1.41
vocal,fouds#poral#vocal,3,1.28
rebar,bacha#abler#rebar,3,1.58
debar,couta#gerah#resaw#kebar#debar,5,1.43
draft,beers#friar#graft#kraft#craft#draft,6,1.37
royal,swigs#bandy#hypha#azyme#loyal#royal,6,1.4
empty,slopy#appay#typey#empty,4,1.24
three,vibey#newel#tsked#tutee#three,5,1.3
dowel,siree#ganev#pyxed#codec#dowel,5,1.27
along,vitro#poach#aldol#alone#along,5,1.43
level,wenge#tempi#deres#xebec#hevea#kevel#level,7,1.29
dandy,troke#gammy#haily#saucy#baffy#nappy#dandy,7,1.32
liege,surra#globi#ligge#liege,4,1.3
snare,thars#soare#scare#seare#snare,5,1.25
magic,dorks#fizzy#matai#malic#manic#magic,6,1.34
daisy,smaak#alist#daisy,3,1.57
opera,hygge#freit#maerl#acerb#opera,5,1.59
relic,pipas#guilt#looie#vexil#relic,5,1.35
maker,cobia#award#eager#tater#hayer#saker#jaker#raker#naker#faker#laker#maker,12,1.54
honor,ionic#donsy#konbu#gonzo#tonal#honer#honor,7,1.29
bylaw,towny#wyled#bylaw,3,1.42
fifth,durum#spoon#bezzy#cavil#wight#fifth,6,1.46
sonic,lorry#sooms#soken#sound#sonic,5,1.27
vomit,henry#stoup#allot#oobit#vomit,5,1.33
woken,rines#hoten#nomen#boxen#woven#woken,6,1.26
filth,umiaq#torii#pithy#hilts#filth,5,1.46
rajah,kudos#gynie#platt#hamba#rajah,5,1.31
sinew,rouls#sythe#skein#segni#sined#sinew,6,1.32
swath,kiore#avast#scath#swath,4,1.3
coral,enfix#shaya#cargo#coral,4,1.35
guide,pogos#aging#beigy#grief#guile#guide,6,1.4
stomp,virga#ploye#swopt#stomp,4,1.35
miser,teind#vibey#fixer#riser#miser,5,1.45
fleet,wings#outby#ether#tapet#fleet,5,1.35
dwell,culex#bible#keels#dwelt#dwell,5,1.55
diode,rooms#gloze#chode#anode#exode#diode,6,1.27
manly,daris#gamma#fanum#manky#manly,5,1.27
boast,abler#dabba#bwazi#boaks#boast,5,1.4
croup,ketch#uncoy#coups#croup,4,1.4
copse,coffs#coset#copse,3,1.18
ditch,divvy#dirts#digit#dital#dited#ditch,6,1.27
fetch,exome#preps#acned#leccy#heuch#ketch#vetch#fetch,8,1.59
crack,cadie#coarb#crack,3,1.26
murky,tronk#fakir#burke#murky,4,1.43
watch,zoris#beaux#daffy#manat#patch#catch#watch,7,1.32
threw,tooms#twyer#threw,3,1.24
relay,tocks#mummy#faery#repay#renay#relay,6,1.35
fella,brung#flote#felch#fella,4,1.4
older,spina#ocher#owler#older,4,1.27
mouth,aline#fusks#crudy#bough#mouth,5,1.26
brisk,helio#tripy#iring#crias#brisk,5,1.3
waive,sycee#plate#agone#rimae#waive,5,1.27
aware,flexo#wacke#swage#awave#aware,5,1.48
guest,cocoa#exeme#gleds#guest,4,1.37
flair,turps#floor#flier#flair,4,1.34
snore,fetes#sonce#snoke#snore,4,1.38
riper,sunny#black#width#mieve#piper#riper,6,1.37
slide,dorsa#eilds#slide,3,1.25
unite,thete#rifte#boite#skite#unite,5,1.27
virus,vices#viols#vints#viffs#vigas#virus,6,1.26
wreck,stuns#proem#arear#grege#breid#wreck,6,1.37
shard,mixer#curds#shard,3,1.37
folly,toffs#gonef#folky#folly,4,1.25
whiff,tozed#canal#sushi#hippy#whirr#whiff,6,1.32
retch,looie#certy#recut#retch,4,1.38
sunny,goura#fumed#huhus#sucky#sully#sunny,6,1.34
trade,anata#tiars#trayf#trade,4,1.25
smote,tigon#other#zlote#emote#smote,5,1.55
furry,bozos#diram#turfy#furry,4,1.41
check,boeps#dreer#wheft#check,4,1.26
haste,dinar#caput#yates#baste#waste#haste,6,1.41
covet,elect#octet#covet,3,1.22
duchy,yeard#doyly#dumpy#dusky#duchy,5,1.31
ascot,bhels#misdo#oscar#ascot,4,1.29
gawky,farms#bavin#waddy#pawky#gawky,5,1.27
flaky,temps#vigia#lauan#ablow#flaxy#flaky,6,1.32
amity,hazed#tubal#attic#agist#amity,5,1.41
false,aphid#reamy#stela#eales#valse#false,6,1.48
igloo,acmes#uprun#wooly#litho#igloo,5,1.31
cower,films#tween#wavey#rower#bower#power#cower,7,1.36
ember,abrim#rumbo#breme#ember,4,1.45
juice,trunk#clous#pudic#quich#juicy#juice,6,1.43
motto,ilium#samen#myopy#motor#motto,5,1.5
swash,finch#beath#graph#slash#smash#swash,6,1.27
taper,urned#beret#rater#taser#taper,5,1.29
sword,takin#hello#brogs#sword,4,1.32
chunk,loams#decry#tunic#chunk,4,1.29
newly,towts#pawky#newly,3,1.24
petal,docos#burqa#ample#pleat#petal,5,1.37
wound,oiled#nomad#bound#hound#found#pound#round#wound,8,1.3
speed,woose#arsey#eques#islet#sheen#speed,6,1.61
torso,padri#truss#torse#torsk#torso,5,1.35
steal,pomps#sawed#selva#slake#steal,5,1.43
scale,urali#baals#stale#swale#scale,5,1.29
reedy,vraic#redes#reede#reedy,4,1.36
patio,ducat#stela#tarok#manto#patio,5,1.55
swept,femmy#slice#snoek#sheva#speug#steps#swept,7,1.68
stout,maare#yodhs#ovist#stott#stopt#stout,6,1.34
cacti,homas#gappy#latke#bantu#taata#cacti,6,1.37
anode,hates#poake#adore#anode,4,1.37
baste,ports#suite#baste,3,1.27
raspy,dolma#again#wreak#ratch#raspy,5,1.42
reset,laree#redes#reset,3,1.26
bossy,aster#shogi#momus#lossy#bossy,5,1.32
fraud,corbe#frill#frass#fraud,4,1.3
inert,fixes#teiid#irate#inert,4,1.45
stray,frack#abler#rioja#harry#stray,5,1.68
cedar,vodka#sadhe#ardeb#redan#cedar,5,1.24
track,halls#areic#crank#track,4,1.35
neigh,seiza#meiny#feign#neigh,4,1.24
match,umped#yomim#karma#maggs#match,5,1.38
pesky,scapa#psyop#pyins#pudsy#pesty#pesky,6,1.51
shush,mizen#scowp#skald#susus#sturt#shush,6,1.35
ardor,busti#laker#achar#ardor,4,1.3
shade,kazis#splay#snafu#swart#shama#shash#shave#shade,8,1.43
giver,torse#aimer#diker#viper#jiver#wiver#river#hiver#fiver#giver,10,1.38
wince,toile#aiyee#birse#pique#mince#wince,6,1.27
seize,touns#scrap#shelf#skyed#seize,5,1.34
trace,jural#razor#afara#crash#vraic#drack#tract#trace,8,1.63
hyena,retox#bleed#guess#naevi#hyena,5,1.37
aloft,stewy#burnt#coopt#float#aloft,5,1.33
jelly,turds#howff#legal#veily#belly#nelly#jelly,7,1.32
flirt,licks#ilium#blind#flitt#flirt,5,1.41
frond,soral#ormer#iroko#broch#proud#frond,6,1.31
buyer,wonga#feued#curer#buyer,4,1.32
patsy,orgic#pened#pasty#patsy,4,1.35
below,morae#sepoy#devot#belon#below,5,1.37
since,flong#kanzu#tenes#since,4,1.42
tooth,aweel#doris#cocky#oomph#booth#tooth,6,1.35
blunt,targa#pitot#hecht#blunt,4,1.4
savvy,sheen#spado#savvy,3,1.24
havoc,datal#racon#havoc,3,1.24
gaudy,besom#litai#grapy#gawcy#gaudy,5,1.29
radii,loner#sirra#braid#radix#radii,5,1.32
guava,lingy#egged#gosht#graff#guava,5,1.42
growl,yojan#turbo#osier#drool#prowl#growl,6,1.4
staff,swops#squab#savin#slack#starr#stage#staff,7,1.29
flake,visas#manet#akela#flake,4,1.4
grape,arpen#presa#crape#trape#drape#frape#grape,7,1.28
yeast,wanna#ample#hoaed#beaks#feast#yeast,6,1.7
aglow,shwas#alowe#ablow#aglow,4,1.46
belch,alang#xylyl#kelep#celom#telic#welch#belch,7,1.5
using,thorn#awned#nummy#unzip#using,5,1.39
wrote,slags#cirri#fremd#urbex#prove#wroke#wrote,7,1.39
donor,turms#niger#donor,3,1.3
amend,inked#trend#blend#amend,4,1.26
sweet,daint#blert#spect#sweet,4,1.24
gravy,antic#khaya#grapy#gravy,4,1.4
sling,tanka#nerol#lupin#bliny#sling,5,1.41
mocha,gonof#zoeae#aorta#dolma#mohua#mocha,6,1.29
woody,hilch#frank#tommy#boppy#soggy#woody,6,1.47
vinyl,coign#tinds#minny#vinyl,4,1.48
woman,pings#neath#andro#lowan#woman,5,1.36
clink,harns#young#plink#blink#clink,5,1.26
agony,tuism#gerah#ponga#agony,4,1.3
knoll,kaifs#kurre#kondo#known#knock#knoll,6,1.28
doubt,wases#roric#tough#fount#poupt#doubt,6,1.3
milky,karst#jokey#fluky#milky,4,1.29
cocoa,tratt#jaffa#boyla#dosha#cocoa,5,1.51
craze,moats#brawl#gravy#kranz#craze,5,1.26
agape,devon#prems#tapet#ephah#agape,5,1.44
decry,spurt#maerl#redry#decry,4,1.24
email,dhals#flail#email,3,1.26
waste,soral#apsis#baste#taste#waste,5,1.37
salon,oints#snoek#sayon#salon,4,1.4
talon,given#pucan#drawn#halon#salon#talon,6,1.25
fungi,tyler#nohow#annas#punji#fungi,5,1.3
drawn,olpes#targa#unary#drawn,4,1.27
media,untin#aesir#media,3,1.23
bulky,syker#zinky#booky#balky#bulky,5,1.32
prior,strae#whirl#prink#prior,4,1.31
unmet,typps#muted#unmet,3,1.39
table,lumpy#drill#cowls#ettle#thale#table,6,1.51
gusty,plebs#tousy#gusty,3,1.3
imply,carls#moile#imply,3,1.29
berry,dowds#takhi#fugly#emery#verry#jerry#perry#berry,8,1.4
seedy,firks#amuse#doseh#sedgy#seedy,5,1.37
evict,hided#imine#exist#evict,4,1.56
welsh,sakis#mesne#verst#welsh,4,1.32
conic,rails#gopik#motif#yonic#conic,5,1.3
birch,taiga#hippy#nihil#fichu#misch#birch,6,1.41
decoy,waker#peony#decoy,3,1.32
worse,sazes#escot#obese#poise#rouse#gorse#worse,7,1.41
sumac,young#quipu#luffs#sumac,4,1.44
meter,gurry#raxes#orbed#inker#meter,5,1.55
prong,nadas#ennog#ohing#young#plong#prong,6,1.34
abhor,troys#cargo#volar#abhor,4,1.39
pubic,sharn#egged#fifty#klick#pubic,5,1.29
shied,vegas#upsey#solei#sired#skied#shied,6,1.38
rover,roust#romeo#roker#roper#roger#rover,6,1.27
skill,cauri#zizit#ikons#skivy#skiff#skimp#skill,7,1.4
swamp,janes#subha#scaly#smarm#swamp,5,1.35
skull,wanze#comix#buddy#slurs#skulk#skull,6,1.32
towel,stirp#totty#toaze#toned#towel,5,1.33
stall,tinks#sweet#stour#stagy#stash#stall,6,1.43
idiom,inane#ictic#idyls#idiom,4,1.23
brave,crape#irade#wrate#urase#brame#brake#braze#brave,8,1.3
tubal,frugs#kanzu#uveal#tubal,4,1.37
dutch,unrig#voulu#suede#dutch,4,1.45
until,anise#indol#until,3,1.25
angry,dulse#tawai#chary#ambry#angry,5,1.31
moral,soups#zoeae#rotan#coral#moral,5,1.3
quack,fauts#quail#quayd#quake#quark#quack,6,1.4
rumba,quate#auris#rumba,3,1.27
hardy,brose#parra#varix#garum#carny#tarty#karzy#lardy#hardy,9,1.34
posse,snogs#verso#copse#poyse#poise#posse,6,1.45
spire,waver#erose#sture#spyre#spire,5,1.46
whisk,neves#shaft#whisk,3,1.37
vault,wasms#bazar#fauve#vault,4,1.27
fancy,douar#tatty#hashy#jacky#gawcy#fancy,6,1.41
expel,stang#clomp#upled#leper#expel,5,1.3
apart,neeld#crazy#starr#tiara#apart,5,1.37
newer,festy#heled#renew#newer,4,1.24
sense,burin#convo#senza#sente#sense,5,1.4
peace,thank#frass#apage#place#peace,5,1.26
cycle,basho#decry#cycle,3,1.27
chair,skart#craze#chair,3,1.23
split,acold#illth#relit#uplit#split,5,1.32
jiffy,leves#canto#huggy#primy#widdy#jiffy,6,1.32
smear,anata#raked#porae#leear#shear#smear,6,1.55
carat,muted#trant#rabat#carat,4,1.37
rigid,kails#jinni#dixit#bifid#vivid#mirid#rigid,7,1.35
sneer,carps#usury#sneer,3,1.37
grimy,huias#piing#ogive#grill#griff#grimy,6,1.28
thief,vitro#twain#tulsi#thick#thief,5,1.43
gamma,bendy#toffs#gauch#gazal#gamma,5,1.38
gleam,gusts#garre#geyan#gleam,4,1.26
leant,ulnar#azlon#liana#leans#leant,5,1.53
smile,guava#oleos#welsh#lisle#spile#smile,6,1.48
unset,laver#zowee#tykes#stied#muset#upset#unset,7,1.3
shyly,toffs#psalm#selle#shily#shyly,5,1.41
truth,equip#bouks#haugh#truth,4,1.27
creme,daggy#pervs#koker#twire#ruble#creme,6,1.45
lumpy,tolas#fleur#lucky#lummy#lumpy,5,1.31
medic,vires#dwile#beedi#medic,4,1.38
mossy,girts#smash#mouse#mopsy#mossy,5,1.37
diary,lulls#doner#dript#diary,4,1.4
wrack,salal#atimy#heard#orang#crack#wrack,6,1.44
brook,takas#quirk#greek#drook#brook,5,1.33
crank,soave#alant#kyang#drank#frank#prank#brank#crank,8,1.3
flask,beers#tossy#quash#clasp#flask,5,1.35
hater,kinas#raged#caper#taber#eater#water#later#oater#mater#hater,10,1.44
while,twyer#whelm#whale#whole#while,5,1.41
aisle,spean#axles#aisle,3,1.56
blink,rules#gloom#flaky#clink#blink,5,1.3
stern,keeps#wrest#stear#stern,4,1.26
bused,dulia#bunde#bused,3,1.26
spare,tamps#asper#spare,3,1.45
silky,mayst#sesey#skivy#sinky#silky,5,1.44
fully,drent#soggy#imply#bally#hully#fully,6,1.33
nomad,turme#bosom#molla#nomad,4,1.3
lever,bacha#entry#skier#moder#upper#fleer#leger#lever,8,1.52
annoy,copes#aloin#annoy,3,1.27
delve,taupe#inkle#lodge#delve,4,1.27
afoot,theow#bitos#gavot#afoot,4,1.24
flunk,teals#ghoul#kulfi#flunk,4,1.3
roast,goons#roust#royst#roist#roast,5,1.27
frock,dobro#crios#oracy#frock,4,1.6
slang,kipes#oscar#ghast#swang#slang,5,1.32
spray,glugs#spire#spoor#spray,4,1.41
sissy,matzo#kipps#sissy,3,1.32
moldy,swang#comic#totem#boomy#moppy#molly#moldy,7,1.35
aloud,limey#talus#annul#aloud,4,1.35
stilt,fluey#laith#stilt,3,1.38
ethic,fleas#tepee#eruct#ethic,4,1.32
truck,epact#stich#truck,3,1.24
awoke,tryps#zocco#ollav#agoge#awoke,5,1.35
child,junks#reddy#dawah#vozhd#child,5,1.4
admit,golfs#erned#cauda#admit,4,1.34
cease,tosas#simba#usage#erase#pease#cease,6,1.41
shall,cardy#geats#psalm#shall,4,1.37
bonus,yerks#atlas#cooms#houfs#bogus#bonus,6,1.31
plank,treys#monic#adhan#flank#plank,5,1.27
genie,guars#gimpy#glint#genii#genic#genie,6,1.26
utile,tinty#putid#utile,3,1.64
trial,kraft#artel#trial,3,1.26
rapid,squiz#befit#vraic#rakia#rapid,5,1.27
skunk,tawer#vozhd#gummi#snubs#spunk#skunk,6,1.32
modal,crios#towze#young#vodka#hodad#podal#modal,7,1.39
haven,teams#plead#above#varec#ganev#navew#haven,7,1.41
peril,beans#herye#derro#vertu#ceric#meril#peril,7,1.31
credo,doura#grody#credo,3,1.35
midst,pilow#hires#kisan#sixty#giust#didst#midst,7,1.31
lucky,wuxia#burse#oucht#mucky#yucky#lucky,6,1.31
image,glues#eggar#fadge#peage#image,5,1.38
bloat,sidhe#oxbow#bonza#bloat,4,1.29
foamy,guyot#yobbo#polyp#worry#jokey#comfy#foamy,7,1.6
sushi,debes#assot#wispy#imshi#sushi,5,1.37
reuse,wigga#funny#usurp#roust#reuse,5,1.44
fuzzy,wauff#fumer#fulls#fudgy#fubby#fuzzy,6,1.54
louse,lagan#limbo#lokes#lowse#loose#louse,6,1.27
islet,dited#ither#inset#islet,4,1.27
aphid,clift#image#kadai#dinna#aroid#aphid,6,1.49
tangy,dight#gants#tangy,3,1.49
union,pyots#olive#inion#union,4,1.34
payee,blaes#tinea#arked#gamey#payee,5,1.27
radio,tranq#mirza#rabis#radii#radix#radio,6,1.66
merit,tinks#idiot#plait#bruit#refit#merit,6,1.39
argue,teene#gauje#rugae#argue,4,1.29
braid,vouge#filar#rainy#atria#krais#craic#braid,7,1.37
thank,hizen#bandh#ankhs#thank,4,1.45
basis,dusky#roshi#inset#gisms#apsis#basis,6,1.29
built,tikas#evite#clint#quilt#built,5,1.3
filmy,slive#pilao#willy#milky#filmy,5,1.34
wheat,meses#daube#agent#pleat#wheat,5,1.41
shrew,uraei#toker#reney#spred#screw#shrew,6,1.3
sweep,trems#shend#speak#seepy#sleep#sweep,6,1.26
queen,tinas#frorn#numen#queen,4,1.3
music,spims#osmic#music,3,1.48
matey,alibi#rayne#yages#mamey#matey,5,1.52
chase,pants#scram#asdic#clash#chase,5,1.39
spree,memos#spree,2,1.39
leapt,humic#lefts#leapt,3,1.42
glade,erose#agile#glaze#glace#glade,5,1.27
shone,tutti#scops#sloan#shone,4,1.47
ninny,mondo#ranis#linch#vinew#pinky#bingy#tinny#finny#ninny,9,1.33
cabby,wames#darzi#nauch#cabby,4,1.26
alike,stade#marae#akene#awoke#alike,5,1.29
gazer,ashet#named#waxer#layer#raker#facer#gazer,7,1.31
erupt,sybil#rotch#trued#erupt,4,1.32
taken,tawse#tacet#taped#taler#taken,5,1.26
sauce,dibbs#ukase#sauce,3,1.4
graft,gitch#gouty#great#graft,4,1.24
budge,disme#addle#hedge#budge,4,1.25
chain,sords#leben#twain#amain#chain,5,1.35
mount,tegus#audit#fount#count#mount,5,1.35
phony,bands#grunt#powny#peony#phony,5,1.31
award,jinns#happy#coala#agate#award,5,1.4
await,sided#obiit#tacit#await,4,1.32
gumbo,twits#reccy#ahold#buxom#jumbo#gumbo,6,1.4
clout,gadjo#torii#often#stock#cloth#clout,6,1.49
rhino,apode#curio#rhino,3,1.26
stamp,tagma#atimy#stamp,3,1.23
scion,tiers#sling#sniff#scion,4,1.28
wispy,smush#dsobo#caffs#ensew#wispy,5,1.59
churn,cimar#cruel#courb#churn,4,1.23
wagon,casus#namma#paeon#radon#fanon#baton#halon#wagon,8,1.3
gruel,summa#courd#prune#truer#gruel,5,1.32
aptly,freet#blitz#tauld#atoll#aptly,5,1.47
fjord,danks#bedew#odium#fordo#fjord,5,1.32
breed,besee#brief#breed,3,1.27
taker,tyned#tomes#tepee#titer#tawer#taver#taber#taxer#taker,9,1.31
women,fabby#gleet#dupes#nixer#cohen#woken#women,7,1.48
leave,bonne#sycee#areae#gaffe#teade#veale#leave,7,1.3
sappy,amias#septa#sappy,3,1.38
tuber,flirt#reata#voter#tuber,4,1.55
index,mommy#lapel#tuber#gived#idees#indew#index,7,1.59
balmy,peeoy#tangy#jacky#dashy#fairy#bally#balmy,7,1.31
abbot,tails#uptak#atony#adbot#abbot,5,1.36
ranch,agued#laika#pants#banjo#fanny#ranch,6,1.4
axion,retry#panim#divna#ingan#axion,5,1.38
rumor,blate#suhur#juror#pudor#rumor,5,1.3
lumen,toits#peeve#amber#muley#lumen,5,1.32
dumpy,styes#fundy#dumky#dumpy,4,1.34
medal,laigh#arled#dedal#medal,4,1.49
fresh,kerky#erven#orgue#breis#fresh,5,1.65
whack,grams#coate#biach#whack,4,1.24
slump,strig#spade#sophy#sumps#slump,5,1.27
nicer,taxol#middy#nifes#niger#niner#nicer,6,1.34
greet,gofer#gyres#grued#greek#greet,5,1.27
girly,typey#quaky#blimy#dilly#nirly#girly,6,1.3
globe,solan#older#elbow#bloke#globe,5,1.29
stiff,glees#shush#scapa#stork#stivy#stiff,6,1.34
every,proke#serai#ruder#emerg#evert#every,6,1.48
wooly,almes#lurch#gilpy#doyly#nobly#jowly#wooly,7,1.32
linen,herse#boeuf#piled#linen,4,1.34
lucid,tocks#nucha#pucer#mucic#lucid,5,1.29
lying,whare#piccy#tying#vying#lying,5,1.31
brace,shuns#tocky#acerb#caber#brace,5,1.38
biome,curli#niffs#jimpy#miaow#biome,5,1.41
remit,aboon#thymy#smelt#mpret#remit,5,1.38
exult,ayins#trove#fumet#educt#exult,5,1.3
tiger,heapy#biker#giver#liger#niger#tiger,6,1.38
bench,tonks#minim#wenge#benny#bench,5,1.26
crush,crips#crash#crush,3,1.23
salvo,spial#scala#salet#salvo,4,1.24
quark,beaus#miaou#guana#tuart#quark,5,1.24
whoop,treyf#zimbi#hanap#whoop,4,1.32
awake,namus#algal#azoth#acred#awake,5,1.34
renal,trigo#ryked#renal,3,1.34
mural,erevs#roily#knarl#dural#aural#mural,6,1.35
local,haves#bloat#loral#loyal#local,5,1.31
leery,plims#luter#leery,3,1.3
broil,mumms#litai#plied#broil,4,1.44
baton,aeros#napoo#wagon#caxon#talon#baton,6,1.25
naive,dules#exeme#fayne#narre#naive,5,1.32
tract,shojo#ulcer#cirri#franc#drack#tract,6,1.41
skirt,spims#skink#skiff#skiey#skill#skirt,6,1.26
hurry,obols#ritzy#array#murky#durry#hurry,6,1.35
float,suede#vapor#azoic#moola#bloat#float,6,1.32
overt,velds#moove#overt,3,1.35
dying,rubby#alays#yitie#vying#nying#hying#dying,7,1.52
cleat,ascus#place#clear#clean#cleat,5,1.44
among,creep#afoul#azoth#anoas#among,5,1.36
fluid,elemi#iliac#sluit#bluid#fluid,5,1.27
filet,wisha#piccy#niton#miltz#filet,5,1.27
bicep,solus#pippy#bicep,3,1.29
quite,ingan#risky#thief#quite,4,1.47
eerie,olios#twain#mudir#revie#eerie,5,1.34
showy,tiges#surra#sloyd#showy,4,1.27
tango,toked#throw#tango,3,1.22
payer,tosed#pukey#payer,3,1.24
cruel,sykes#hater#cored#creel#cruel,5,1.29
howdy,basan#dicty#wuddy#rowdy#howdy,5,1.34
inner,sedgy#oleic#jiver#wrier#infer#inner,6,1.37
thump,zeros#bundy#pilum#whump#thump,5,1.29
buggy,tyros#abaya#limby#buggy,4,1.29
niche,kraal#scoog#biccy#diced#fiche#miche#niche,7,1.38
spiel,siles#spiel,2,1.24
masse,dancy#oaker#easts#sasse#masse,5,1.28
scope,bozos#psora#sposh#stope#slope#scope,6,1.54
finer,luffs#afara#brief#fixer#fiver#firer#finer,7,1.46
idyll,pipal#still#idyll,3,1.24
artsy,tared#rhyta#otary#artsy,4,1.46
thing,motto#thigh#thing,3,1.54
pizza,jibes#miaou#witan#villa#pizza,5,1.29
brush,ugali#rheum#furth#crush#brush,5,1.37
befit,slank#hertz#tempt#beget#befit,5,1.27
avert,veena#avert,2,1.24
rodeo,fiars#yrneh#cered#dozer#rodeo,5,1.29
genre,fluyt#cains#bonze#genre,4,1.41
couch,tunds#argue#upbow#oculi#vouch#mouch#couch,7,1.35
trait,sedes#marah#liart#trait,4,1.34
myrrh,saury#yfere#myrrh,3,1.23
loser,crost#roshi#doser#loser,4,1.54
hotel,solds#lorel#hotel,3,1.23
fleck,vapes#rewon#ligge#ethyl#fjeld#fleck,6,1.32
pivot,sowse#pinot#pivot,3,1.29
spite,lomed#tache#write#spite,4,1.35
story,betta#touch#odist#stylo#stroy#story,6,1.32
basil,adown#clack#laers#palsy#basal#basil,6,1.52
shoot,cusec#salop#swoon#smoot#shoot,5,1.39
banjo,lenes#dinic#munga#qanat#janny#banjo,6,1.27
worry,dicts#broke#poral#forgo#jorum#worry,6,1.34
state,pions#sassy#shalm#scaur#stake#stave#state,7,1.37
rocky,tronc#decor#rocky,3,1.52
extol,roofy#oakum#seton#extol,4,1.48
wooer,reate#brier#gofer#yoker#wooer,5,1.41
bowel,lipos#telco#odyle#zoeal#mohel#rowel#vowel#bowel,8,1.45
wring,woads#which#wrier#wring,4,1.27
snipe,domed#ruers#spine#snipe,4,1.45
shelf,coral#slily#skulk#swelt#seels#shelf,6,1.31
prize,roues#grave#tryke#bride#crime#frize#prize,7,1.34
agate,senna#agape#agate,3,1.41
abate,sculs#twang#pratt#beaty#abate,5,1.37
annul,bindi#lunts#ulnae#manul#annul,5,1.29
piano,erven#nimbs#kinda#giant#piano,5,1.46
jewel,unica#order#gyves#ebbet#fleek#lemel#jewel,7,1.34
flown,rages#cunit#nymph#lownd#flown,5,1.27
cheek,togas#zebec#ricer#cluey#cheep#cheek,6,1.31
decal,etape#aredd#cades#decan#decay#decaf#decal,7,1.68
mango,mired#mofos#matzo#mambo#mango,5,1.27
stark,carle#roans#trash#stair#stark,5,1.36
legal,glary#agile#bagel#legal,4,1.6
close,skyed#mensh#bouse#close,4,1.49
savoy,nucha#kaiak#sable#sammy#sappy#saggy#sassy#savvy#savoy,9,1.56
pecan,griff#punts#paeon#pecan,4,1.46
crowd,naker#rorty#mucro#crool#crocs#crowd,6,1.35
warty,dowse#pilaw#fatwa#wanty#warty,5,1.28
smoke,tigon#dubbo#fowls#oshac#smoky#smoke,6,1.48
suite,oread#benty#empts#skite#shite#suite,6,1.32
build,brags#bowie#built#build,4,1.23
proxy,tronc#frore#broil#vrouw#proxy,5,1.26
plate,ecrus#dwine#atoke#lathe#plate,5,1.33
pasta,gamey#natis#tasar#basto#pasta,5,1.27
guild,unked#faurd#guild,3,1.23
inbox,exfil#mixup#twixt#inbox,4,1.43
choir,duppy#elate#chock#choom#choir,5,1.51
speak,ribes#stele#sneak#speak,4,1.32
hoard,tofts#booky#golpe#dorad#hoard,5,1.27
ankle,temse#awoke#alkie#ankle,4,1.26
gamut,doomy#tuism#unmet#gamut,4,1.51
cause,gaper#caese#cause,3,1.23
eying,dogan#nying#hying#tying#lying#eying,6,1.35
husky,pewee#intra#mumsy#subby#husky,5,1.49
easel,nonas#ashet#eased#easel,4,1.4
plumb,dalle#lunch#kitul#glugs#pluff#plumb,6,1.38
dusty,cwtch#gaitt#dusts#dusty,4,1.7
rotor,bagie#sooks#compt#worth#rotor,5,1.28
forgo,cowks#gonna#pogge#dough#borgo#forgo,6,1.29
swear,axile#hevea#epact#break#smear#swear,6,1.58
axial,ramal#sheal#pipal#axial,4,1.26
pearl,stele#allel#equal#pearl,4,1.38
drank,shuck#kayak#awork#prank#drank,5,1.27
saint,wushu#slots#satai#saint,4,1.63
sewer,mawky#etwee#power#sewer,4,1.25
dough,treyf#lings#cough#hough#dough,5,1.32
donut,stets#tayra#cutup#donut,4,1.34
flank,guyed#ancon#naams#piani#trant#flank,6,1.38
tithe,sowne#murre#chide#gighe#lithe#hithe#tithe,7,1.3
joust,anima#glops#servo#bossy#joust,5,1.37
solid,gools#sorel#solid,3,1.27
nerve,astir#rerun#nervy#nerve,4,1.27
sadly,steen#sapor#savvy#sammy#saucy#saggy#sally#sadly,8,1.31
tamer,cocco#massa#palmy#garum#namer#tamer,6,1.64
retro,auloi#shojo#gecko#bento#tempo#retro,6,1.34
hedge,bungy#taigs#porge#legge#wedge#kedge#hedge,7,1.28
utter,toled#benet#strew#ither#utter,5,1.3
logic,bawds#rigor#oggin#cogie#yogic#logic,6,1.34
rugby,hakam#unwed#virus#gruff#ruggy#rugby,6,1.46
froth,cuffs#fytte#faith#froth,4,1.39
mamma,tanti#galvo#zacks#hayed#barra#mamma,6,1.3
jazzy,twier#yacks#gamay#fabby#laldy#nappy#jazzy,7,1.35
those,raits#souct#those,3,1.26
civic,tiars#dicky#cippi#cibol#civie#civic,6,1.27
ruddy,evohe#druid#ruddy,3,1.37
stead,scyes#smeke#swept#stean#stear#stead,6,1.26
fatal,wicca#ramus#kayak#dadah#vagal#natal#fatal,7,1.61
attic,sodom#tuple#withy#actin#artic#attic,6,1.35
poise,quiff#chiel#exine#write#maise#poise,6,1.33
chasm,thesp#whoso#shush#chasm,4,1.25
pygmy,ulans#petri#poboy#pygmy,4,1.28
fanny,basts#laver#mawky#naggy#dancy#janny#fanny,7,1.3
usual,gaurs#squab#usual,3,1.27
faith,faced#fauts#faith,3,1.27
paler,temes#darer#laxer#waler#baler#paler,6,1.29
sever,debar#kefir#sewer#serer#sexer#sever,6,1.29
lofty,unbag#rotte#molto#lofts#lofty,5,1.37
boney,taggy#bunjy#bendy#boney,4,1.26
decay,arete#eland#decaf#decay,4,1.48
abyss,mamba#acerb#adbot#abyss,4,1.73
onset,damar#hotel#oncet#onset,4,1.35
start,rutin#torrs#scart#start,4,1.45
stuck,neuks#brusk#sculk#stuck,4,1.32
gripe,exurb#serer#roate#drive#prime#cripe#gripe,7,1.77
heard,xylan#scapa#ovate#readd#heard,5,1.49
bunch,teiid#pyros#anana#munch#hunch#lunch#bunch,7,1.37
curse,gomer#verry#earnt#curie#curse,5,1.48
tunic,gaucy#uncle#cumin#tunic,4,1.45
bound,cysts#larva#fiend#hound#pound#wound#mound#bound,8,1.43
chime,yodel#rents#pupae#kieve#chime,5,1.4
vodka,roker#hopak#koans#vodka,4,1.29
trunk,cycad#skeos#prink#krunk#trunk,5,1.41
druid,leach#ginks#putti#odium#druid,5,1.31
shoal,voled#altho#shoal,3,1.46
slime,moron#gimme#slime,3,1.38
flame,slums#fleme#flame,3,1.24
cinch,cubit#coins#cinch,3,1.26
loath,hills#lunch#lymph#latah#loath,5,1.4
rogue,zines#heedy#alowe#orgue#rogue,5,1.37
skier,unaus#osier#spier#shier#skier,5,1.36
cairn,stuns#anode#nabla#fancy#cairn,5,1.4
brunt,seedy#arbor#crumb#bruin#brunt,5,1.32
ninja,trass#hodja#wilja#ninja,4,1.32
pouch,ashes#hyphy#whipt#punch#pouch,5,1.28
strap,unsaw#bolas#symar#scrae#strak#strap,6,1.29
scorn,swink#sheen#stoln#scorn,4,1.27
locus,bruts#vughs#unaus#meous#wojus#locus,6,1.38
debug,clomp#dirts#dauby#debug,4,1.4
stole,faffy#tikes#stere#stude#stole,5,1.54
scamp,ronte#vapid#plaza#swaps#scamp,5,1.31
stack,luser#whiss#ascon#scapa#smack#stack,6,1.36
uncle,stems#bogue#alure#uncle,4,1.4
climb,stond#hakam#emmer#muggy#blimp#climb,6,1.34
swoop,deely#poofs#knosp#stomp#scoop#swoop,6,1.4
trove,ixias#chelp#bubbe#ngwee#forme#trove,6,1.33
crumb,urali#erhus#grunt#crudy#cruck#crumb,6,1.31
tenth,thurl#tohos#tithe#tench#tenth,5,1.26
point,ditas#illth#uteri#point,4,1.34
learn,lumas#lazzo#leavy#leach#learn,5,1.25
alive,vales#avale#alive,3,1.4
tilde,roofy#limps#kibla#tiled#tilde,5,1.42
caulk,axled#lanas#maill#waulk#baulk#caulk,6,1.48
madam,sheen#pyral#kaiak#qajaq#madam,5,1.31
fussy,tawse#priss#skosh#mussy#fussy,5,1.28
widen,cronk#paven#tween#widen,4,1.39
evade,rubai#dacks#adage#evade,4,1.42
cutie,whizz#dilli#mafic#orcin#cutie,5,1.95
drive,raced#dregs#droke#drupe#drive,5,1.41
snoop,hebes#skimp#scoop#sloop#stoop#swoop#snoop,7,1.39
vigil,fangs#golem#pugil#vigil,4,1.34
swoon,sails#smout#sword#swoon,4,1.24
heath,farcy#smaak#leave#heath,4,1.43
detox,egged#delta#deist#detox,4,1.74
gusto,numen#quaff#ruths#buist#gusto,5,1.27
civil,huggy#aesir#immit#colic#civil,5,1.56
mania,vleis#zizit#gopik#bania#mania,5,1.27
enter,swops#dedal#chevy#urite#enter,5,1.4
feast,annoy#glaur#whats#beast#feast,5,1.48
crazy,fitch#socas#varec#crazy,4,1.48
nerdy,licks#endew#denay#nerdy,4,1.32
weave,emery#adieu#telae#heave#weave,5,1.52
bleat,jural#float#pleat#bleat,4,1.27
niece,fauld#rinse#nixie#niche#niece,5,1.34
weigh,banco#humfs#while#weigh,4,1.33
cheap,myths#chack#cheap,3,1.32
belie,yahoo#stept#riven#equid#melic#belie,6,1.35
lodge,rimed#vendu#dodge#wodge#podge#lodge,6,1.44
funny,yowes#minny#danny#gunny#runny#nunny#tunny#bunny#punny#funny,10,1.34
prone,telae#dovie#shmoe#ounce#krone#prone,6,1.29
waltz,towts#wrath#walty#waltz,4,1.23
slurp,tarsi#deers#usury#scurf#slurb#slurp,6,1.35
booth,mered#acyls#oggin#wootz#booth,5,1.35
sworn,strim#sofar#snore#shorn#scorn#sworn,6,1.27
these,fohns#shirr#ghast#these,4,1.4
price,septa#kreep#probe#prime#prize#price,6,1.34
burly,vegos#pzazz#drift#hurly#burly,5,1.27
wrung,swags#ngwee#grown#wring#wrung,5,1.4
field,zooea#exeme#views#piety#field,5,1.33
chard,gorms#arear#hairy#chark#chart#chard,6,1.37
gnash,quiff#ngwee#logon#bhang#gnash,5,1.63
crimp,bendy#tsars#curli#choir#crick#crimp,6,1.37
cried,clues#capex#corer#creek#cried,5,1.27
nadir,uplit#myoid#sadis#nadir,4,1.26
bland,soken#tinny#whang#aland#bland,5,1.31
unzip,teats#kiddy#oribi#unzip,4,1.28
snarl,thymi#glaur#reals#snarl,4,1.37
comic,cajon#ceorl#cisco#comix#comic,5,1.27
coyly,dhaks#clept#cibol#cyclo#coyly,5,1.32
lapel,igged#usher#panel#lapel,4,1.26
patty,tuart#betas#acton#hatha#katti#fatty#patty,7,1.52
sedan,dawah#nomad#redan#sedan,4,1.26
major,beeps#tagma#yamun#maror#major,5,1.32
plier,aizle#leish#flier#plier,4,1.44
chili,galas#veily#brill#whilk#chili,5,1.35
abled,tardo#aland#axled#abled,4,1.35
femur,algal#moons#berme#demur#femur,5,1.46
facet,hents#erect#octet#lacet#facet,5,1.37
corny,jeats#frowy#corby#corky#corny,5,1.29
delay,chais#apnea#laevo#metal#jelab#relax#delay,7,1.42
canal,papaw#daraf#lavas#talak#nahal#banal#canal,7,1.29
troll,wilga#slyly#cholo#proll#droll#troll,6,1.36
penal,uredo#lapje#pelas#penal,4,1.37
truer,conus#lurer#urger#truer,4,1.32
comet,aroba#igloo#owche#coped#cotes#covet#comet,7,1.44
rainy,taper#farms#ranid#rainy,4,1.27
sleet,cheka#ident#trest#swept#smelt#sleet,6,1.27
rarer,titty#clade#abear#sager#naker#japer#hazer#wafer#rarer,9,1.59
amass,maneb#loamy#smarm#amass,4,1.37
cargo,joule#grovy#sargo#pargo#cargo,5,1.4
album,momes#prima#amban#album,4,1.31
model,hired#dames#model,3,1.26
align,teind#unica#avian#axion#align,5,1.29
river,cuffo#maneh#skies#rivet#river,5,1.49
fudge,pohed#neddy#madre#judge#fudge,5,1.46
circa,anomy#lader#tragi#curia#circa,5,1.44
inter,muxes#bogey#vaped#niter#inter,5,1.27
train,thegn#tauon#twain#train,4,1.24
atone,twill#strut#ethne#atone,4,1.49
space,horde#baize#glace#space,4,1.26
mecca,aghas#kinda#zebra#cella#tecta#mecca,6,1.43
reply,milos#capul#reply,3,1.29
gassy,egest#girsh#gauss#gadso#gawsy#gassy,6,1.27
idler,texes#admen#idled#idler,4,1.23
ester,stive#fetts#estoc#ester,4,1.55
larva,centu#awork#maras#barfi#vardy#larva,6,1.32
essay,hokas#besaw#essay,3,1.24
anger,talaq#hoaed#perea#armer#auger#anger,6,1.47
bulge,darbs#climb#leben#bulge,4,1.29
cloth,trine#stowp#chota#cloth,4,1.31
iliac,reiks#china#acidy#umiac#iliac,5,1.27
chant,vodou#yenta#train#slant#chant,5,1.51
lease,rives#meson#geese#fease#cease#lease,6,1.37
verse,brent#dirge#verse,3,1.48
issue,allel#merde#pixie#twice#issue,5,1.42
pixel,gilts#zizel#libel#pixel,4,1.26
slain,fitte#cnida#ikans#swain#spain#slain,6,1.45
leaky,muggy#ropey#essay#beaky#leaky,5,1.29
glint,garbs#gooky#glitz#glift#glint,5,1.28
route,tires#retag#ronte#route,4,1.34
blown,emyde#frugs#avian#colon#blown,5,1.34
pluck,focus#curli#pluck,3,1.39
agile,mayas#ahind#alive#agile,4,1.37
beard,psion#hakea#legal#meare#deary#beard,6,1.32
speck,tronc#chief#decal#scuse#speck,5,1.37
arrow,teens#farad#morra#arroz#arrow,5,1.28
cream,beams#mavie#almeh#omega#cream,5,1.46
ferry,laird#whort#every#berry#perry#serry#ferry,7,1.29
depot,dixie#dwell#dryer#decko#defog#devos#demon#depot,8,1.32
throw,stoln#doted#typto#taxor#throw,5,1.36
shark,raced#agars#start#snarf#sharp#shark,6,1.41
valve,titis#argon#decay#quale#lapje#valve,6,1.4
theme,skein#breme#fleme#queme#theme,5,1.26
covey,verbs#lieve#envoy#covey,4,1.38
quake,redia#apeek#knave#skate#quake,5,1.45
agent,flaks#marae#ceiba#agued#agent,5,1.41
daddy,ogmic#aures#badly#waddy#paddy#faddy#daddy,7,1.4
alter,hexyl#allee#aldea#alter,4,1.62
octet,coats#oncet#octet,3,1.32
click,hurds#woxen#vivat#blimy#flick#klick#click,7,1.34
razor,stoat#agloo#miaou#havoc#paeon#razor,6,1.44
horny,arsis#herry#hurly#horny,4,1.3
other,torcs#proto#oxter#other,4,1.43
basal,bench#bigly#babul#basal,4,1.25
putty,farle#incus#umpty#putty,4,1.29
posit,staig#trois#posit,3,1.26
metal,biogs#punka#aleft#thale#metal,5,1.37
dopey,risps#upled#dopey,3,1.34
slink,gluts#elsin#slink,3,1.26
creed,upbye#emoji#tared#reded#creed,5,1.54
adore,gaper#erase#ayrie#antre#azure#abore#afore#adore,8,1.59
eaten,rymme#saheb#tawed#valet#eaten,5,1.49
badly,mobes#carby#banty#baffy#baggy#balky#badly,7,1.31
serum,kiaat#golfs#pryse#sewer#serum,5,1.36
manic,plack#cocas#daric#mafic#manic,5,1.54
berth,karks#porin#durry#threw#berth,5,1.26
beech,tawed#sheik#foehn#leech#reech#beech,6,1.35
melee,uveas#crore#ngwee#tepee#melee,5,1.32
swill,mamie#noils#shily#spilt#swill,5,1.3
mince,lipin#finny#jingo#winch#vinca#tinct#mince,7,1.29
ledge,dinar#coeds#umped#ledgy#ledge,5,1.3
caddy,ksars#amban#theta#laddy#waddy#paddy#caddy,7,1.41
share,zuppa#baned#leear#scare#share,5,1.78
etude,slump#fauna#equid#exude#etude,5,1.26
obese,speos#obese,2,1.21
organ,afars#rehab#troak#orval#organ,5,1.44
cloud,slosh#zlote#globy#cloff#clown#clomp#cloud,7,1.29
mourn,faded#ohing#spoon#womyn#mourn,5,1.35
allow,swart#nawab#alowe#allow,4,1.35
swirl,kapow#weber#twirl#swirl,4,1.37
owner,roons#genro#owner,3,1.41
toddy,gears#flyby#muzzy#choky#doddy#noddy#poddy#voddy#toddy,9,1.34
frown,ariki#drupe#wryly#crwth#brown#frown,6,1.27
cloak,doest#bromo#piony#quoll#aloha#cloak,6,1.33
lunar,subha#audad#pucan#nugae#lunar,5,1.27
eater,treck#repot#earth#eater,4,1.73
binge,swile#bonie#binge,3,1.25
spurn,kilts#grasp#super#spurn,4,1.35
daunt,ouzel#fauns#daunt,3,1.31
ulcer,theca#dicey#ulcer,3,1.38
shear,stoup#sizar#symar#segar#skear#shear,6,1.29
saute,users#fusel#spume#scute#saute,5,1.54
adobe,crone#goose#quote#emove#diode#adobe,6,1.27
chirp,dahls#withe#houri#chirp,4,1.29
drink,okays#krill#prick#drink,4,1.28
endow,fovea#ebook#ennog#endow,4,1.37
paste,freed#pesto#piste#paste,4,1.45
lapse,eland#cella#areal#lapje#lapse,5,1.68
tenet,polis#carvy#deked#benet#genet#tenet,6,1.3
taffy,tomes#tazza#takky#taffy,4,1.24
eight,clems#fetta#ither#thine#eight,5,1.35
parka,stria#marka#parka,3,1.24
vague,yoghs#algin#tegua#vague,4,1.24
amble,apaid#aught#awmry#amove#amene#amble,6,1.27
heady,dites#yeard#beady#leady#heady,5,1.32
skulk,shako#skegs#skimp#skulk,4,1.26
dense,vires#tense#sense#cense#mense#dense,6,1.38
inept,salop#pubic#gripy#tempi#inept,5,1.29
flood,waned#bovid#proud#flood,4,1.25
block,farms#incog#hooch#block,4,1.27
token,spoom#cowry#voled#nonet#hoten#token,6,1.46
slope,fowls#sloid#slomo#slopy#slope,5,1.52
gloat,dazed#nonas#pulao#octal#gloat,5,1.45
green,bilbo#dudes#pacer#egret#greek#green,6,1.4
floss,yelps#locus#olios#flors#floss,5,1.34
pleat,trews#duett#inept#pleat,4,1.26
harsh,drony#lares#warst#harsh,4,1.4
filly,ataxy#poesy#kiddy#biccy#niffy#firry#figgy#filmy#filly,9,1.3
spoof,yakka#slove#stops#snoop#spoof,5,1.51
depth,norma#hully#fecht#teeth#depth,5,1.32
roach,divna#slabs#apage#tuart#roach,5,1.5
debit,odors#nided#waide#demit#debit,5,1.38
abbey,astun#alway#acidy#abbey,4,1.23
manor,tromp#ombre#jorum#mayor#manor,5,1.68
slosh,eosin#gadso#cross#ytost#skosh#slosh,6,1.34
annex,caids#ottar#aglee#apnea#annex,5,1.32
champ,tiyin#alums#gamma#champ,4,1.41
elect,shelf#gleam#cleve#oleic#elect,5,1.28
stare,vaxes#seiza#stale#state#stare,5,1.54
mason,doped#omovs#bisom#mason,4,1.43
ratio,deity#binit#atria#ratio,4,1.38
dogma,fords#dooly#dogma,3,1.26
eject,wadts#troll#hitch#eject,4,1.3
prank,begar#auris#roary#trapt#prank,5,1.46
mangy,cease#gazoo#kaing#tanga#mangy,5,1.32
spade,gulps#posse#aspie#spake#spane#spade,6,1.48
rearm,yogas#lance#theta#armer#rearm,5,1.34
fritz,cheka#bools#unity#fritz,4,1.29
petty,tohos#butut#wetly#netty#jetty#petty,6,1.39
forty,exons#motor#porty#borty#rorty#forty,6,1.32
ralph,unjam#saags#lardy#haler#ralph,5,1.52
judge,chiro#quays#bunje#judge,4,1.31
charm,azido#quays#jnana#track#charr#charm,6,1.41
erode,along#chomp#erose#erode,4,1.24
curvy,dribs#lurer#furan#purty#murky#curvy,6,1.34
focal,paces#archi#cocoa#vocab#focal,5,1.25
femme,yacks#feign#fever#femme,4,1.27
fight,senes#cuppy#flirt#fight,4,1.3
grief,modii#glisk#grift#grief,4,1.48
aunty,noahs#annex#ainga#arnut#aunty,5,1.36
brief,yince#teloi#breis#brier#brief,5,1.48
demon,erose#loden#odeon#devon#demon,5,1.36
fiery,zatis#piing#willy#diddy#vibey#fiery,6,1.34
amiss,toker#hubby#wasps#accas#anils#amids#amiss,7,1.34
elate,plods#glean#flame#blaze#clave#alate#elate,7,1.29
paint,trews#matlo#facta#habit#daint#paint,6,1.34
foggy,abeam#houts#zoppo#corni#dolly#foggy,6,1.34
worth,toeas#nooit#couth#worth,4,1.27
skiff,faffs#swift#sniff#spiff#skiff,5,1.26
about,drouk#snout#chout#glout#about,5,1.27
rabbi,dulia#spahi#amici#tangi#bajri#rabbi,6,1.52
motel,motty#motis#moten#moted#motel,5,1.26
scarf,chugs#secco#salic#scrab#scart#scary#scarp#scarf,8,1.48
clamp,poled#spilt#layup#clamp,4,1.35
whose,sinks#blase#temse#druse#whose,5,1.41
swore,eldin#grufe#abore#shore#swore,5,1.42
elbow,torsk#incog#ablow#elbow,4,1.29
fecal,psoas#halal#rival#equal#fecal,5,1.25
chaos,torse#limos#updos#fanos#askos#chaos,6,1.34
steer,fanga#ollie#yexes#speed#steem#steer,6,1.43
frost,japan#mites#crust#frost,4,1.4
hello,ninon#odyle#hello,3,1.57
groan,swims#alvar#rehab#dorad#groat#groan,6,1.38
blimp,sprod#clamp#plump#blimp,4,1.27
dowry,thirl#barra#goory#cowry#dowry,5,1.26
croak,betid#logos#orach#croak,4,1.31
piety,jokey#genny#suety#piety,4,1.29
stave,boded#geeky#saute#stave,4,1.54
clasp,thong#aleck#iliac#clays#clasp,5,1.42
brake,skeet#eikon#kurre#crake#drake#brake,6,1.45
elite,ident#bites#telia#utile#elite,5,1.63
venue,unjam#wrung#yupon#tendu#venus#venue,6,1.62
movie,epoxy#bowet#foehn#roque#solve#dovie#movie,7,1.71
guess,fugle#gudes#guess,3,1.26
sully,hayey#puddy#murry#gunky#fuffy#culty#sully,7,1.3
drool,taggy#neeze#scuff#brill#prowl#drool,6,1.42
shrug,terfs#sordo#shrug,3,1.24
dummy,urger#hunky#tubby#duddy#dummy,5,1.41
dilly,seils#paoli#nirly#billy#willy#tilly#dilly,7,1.29
tatty,cloam#augur#jnana#paise#fabby#daddy#tatty,7,1.45
known,perai#nolos#knout#known,4,1.27
adapt,bords#adzed#admix#adapt,4,1.3
guppy,almug#urges#gouty#gundy#gucky#guppy,6,1.42
freed,older#adred#rimed#preed#treed#breed#greed#freed,8,1.34
rerun,taroc#burgh#unrid#rerun,4,1.25
large,bemas#aweel#ladle#lance#large,5,1.49
thrum,comix#degum#album#shtum#thrum,5,1.42
plume,visie#addle#fleme#blume#plume,5,1.29
hasty,gaddi#wants#saute#pasta#tasty#vasty#hasty,7,1.33
crook,jutes#milky#kapok#chook#crook,5,1.32
roger,jeels#exing#grope#roger,4,1.44
lanky,vespa#falaj#lazzi#lammy#laddy#lathy#larky#lanky,8,1.38
jumpy,tided#lunar#buxom#mucks#humph#jumpy,6,1.35
smith,orcas#sleep#squid#shish#swith#smith,6,1.3
taste,turds#tasse#taste,3,1.23
sugar,thans#missa#sally#spear#sofar#sugar,6,1.45
minor,sassy#pronk#giron#minor,4,1.37
grove,badly#stoup#emove#hoove#grove,5,1.36
ruder,bevvy#elemi#awner#upper#ruder,5,1.73
reign,mined#chine#reign,3,1.52
sleek,balsa#lyses#sorel#sleep#sleek,5,1.56
laden,flats#goral#pepla#laden,4,1.41
giant,offer#pupus#thymi#batik#diact#giant,6,1.38
mirth,tulpa#stogy#beret#firth#mirth,5,1.37
screw,pross#resit#escar#screw,4,1.45
theft,cloud#sewer#kithe#ahent#theft,5,1.4
ether,glass#borty#trier#utter#ether,5,1.34
morph,tyiyn#gorms#coram#morro#morel#morph,6,1.43
stalk,drags#scaff#smaze#slain#swaly#spall#stalk,7,1.31
pulse,virls#salue#dulse#bulse#mulse#pulse,6,1.41
snide,sweir#solei#seiza#spite#shive#snide,6,1.29
teary,wills#round#taper#teary,4,1.36
dwarf,soave#pratt#imari#glary#charr#afara#dwarf,7,1.29
sixty,wisha#since#sibbs#simul#sixty,5,1.29
amaze,siver#tenge#blaze#amaze,4,1.31
rifle,tonne#masse#bulge#exile#ickle#rifle,6,1.3
kayak,gasps#fared#layin#kayak,4,1.27
tulip,taata#timer#tholi#tulip,4,1.27
augur,towts#ruble#quark#augur,4,1.37
young,nabla#perns#toing#young,4,1.43
blind,amlas#wetly#kloof#blurb#blini#blind,6,1.38
baker,janty#saics#farro#paver#hazer#lager#waxer#daker#maker#baker,10,1.34
crave,erevs#grave#trave#brave#crave,5,1.24
stage,unhat#tryma#atoke#stade#stale#state#stave#stage,8,1.61
totem,mucin#brame#whelm#totem,4,1.4
poesy,arars#mouse#goest#poesy,4,1.34
blond,evhoe#woold#aloud#blond,4,1.48
apply,musky#oddly#gayly#bialy#aptly#apply,6,1.29
untie,forks#mythi#actin#intil#untie,5,1.29
lipid,quoad#sexed#vivid#nitid#lipid,5,1.25
ovoid,vitex#ovoid,2,1.39
wield,albas#lolly#knelt#whelp#wield,5,1.35
hatch,gemel#bobos#array#chawk#vauch#hanch#hatch,7,1.43
panel,aired#saheb#gavel#panel,4,1.29
chaff,bason#pilar#tegua#kyack#chaff,5,1.34
shove,snobs#sloyd#scope#stoke#swore#shove,6,1.29
yield,volts#liker#aizle#field#wield#bield#yield,7,1.4
leach,lindy#lumas#leach,3,1.24
scalp,binit#mahua#scare#scald#scalp,5,1.46
guard,trite#fjord#chard#award#spard#guard,6,1.4
kneel,paska#nebek#liken#kneel,4,1.35
qualm,allow#panel#qibla#qualm,4,1.57
serve,games#feese#teste#serve,4,1.34
poker,shtup#pooja#pokie#poker,4,1.38
light,epode#unmix#fiars#biccy#villi#light,6,1.4
bilge,kames#verve#juice#ligne#bilge,5,1.33
arena,tewit#drere#arepa#areca#arena,5,1.49
buxom,menad#broom#buxom,3,1.31
canoe,titch#cocky#cusso#clomp#canoe,5,1.53
piper,renne#grego#acres#puker#piper,5,1.76
crept,goary#fleer#trews#urent#crept,5,1.35
gorge,bayou#sixmo#north#world#forze#gorge,6,1.41
rehab,glede#earst#hejra#reach#rehab,5,1.53
lurid,casky#volti#guild#lurid,4,1.31
bezel,culet#laree#flied#bevel#bezel,5,1.27
tweak,styes#flute#teend#treck#tweak,5,1.44
chest,kynds#buist#clast#crest#chest,5,1.37
refer,sarky#crier#omber#hewer#lever#peter#refer,7,1.32
rough,upsey#audit#mohur#rough,4,1.32
zesty,sumph#foils#casky#resty#testy#yesty#zesty,7,1.54
tibia,discs#pieta#fitna#tikka#tiara#tibia,6,1.27
gland,eilds#gland,2,1.27
plump,snowk#curie#ajuga#fluyt#plumb#plump,6,1.34
shout,acres#tusky#stoun#spout#smout#shout,6,1.31
briar,hight#imids#baize#briar,4,1.51
noise,logon#nodes#noise,3,1.24
scene,banks#hosen#spent#scend#scene,5,1.39
spied,yappy#updos#spide#spied,4,1.49
risky,datos#usurp#rinse#rishi#risky,5,1.29
arson,malas#tease#psora#arson,4,1.41
giddy,peeps#tanto#birch#milky#figgy#giddy,6,1.37
thumb,axons#brill#webby#thumb,4,1.29
wiser,hames#issei#vised#riser#wiser,5,1.28
pithy,tacts#utile#dight#pithy,4,1.3
stunt,baccy#loons#using#suent#stunt,5,1.41
press,touns#aches#pedis#preys#press,5,1.29
assay,tined#holly#casky#assay,4,1.31
prawn,teers#brach#draff#grama#urali#kranz#prawn,7,1.36
owing,janny#ouens#oping#owing,4,1.26
coach,tutti#joyed#lobos#wokka#coach,5,1.46
acute,duets#urate#haute#acute,4,1.26
foray,debts#imino#cocoa#loyal#foray,5,1.31
sheer,mates#syver#sheer,3,1.24
shuck,tutee#slugs#snuff#scudo#sauch#shuck,6,1.41
nymph,moral#seism#umpty#nymph,4,1.29
phase,oaves#eskar#mensa#abuse#chase#phase,6,1.43
bravo,clies#undug#poppa#otary#bravo,5,1.27
baler,amias#blady#boxla#babel#baler,5,1.37
venom,fados#trior#lemon#genom#venom,5,1.27
preen,wynns#frorn#treen#preen,4,1.41
puppy,ritts#oddly#pecky#pappy#puppy,5,1.32
barge,riyal#awner#beare#barde#barbe#barge,6,1.51
radar,gadjo#vaded#hadst#padri#radar,5,1.28
seven,rotor#kicks#asana#snush#senvy#seven,6,1.48
maybe,aalii#hacek#wanze#barre#taube#jambe#maybe,7,1.32
macaw,topoi#beaky#rugal#hazan#samas#madam#macaw,7,1.4
rabid,skail#rupia#ranid#rabid,4,1.26
sigma,whins#tulsi#scrip#sieve#sixmo#sigma,6,1.52
under,raths#order#wider#cyder#elder#nuder#under,7,1.35
spilt,dulce#saola#styli#spilt,4,1.35
greed,banty#puker#grees#greed,4,1.35
rhyme,peise#grame#forme#rymme#rhyme,5,1.27
stake,faurd#aegis#steal#stake,4,1.45
kappa,shale#ardri#canny#gazoo#watap#kappa,6,1.34
heart,barns#treat#react#peart#heart,5,1.38
hilly,plash#light#nihil#hilly,4,1.34
round,carob#roneo#rownd#round,4,1.41
sauna,emerg#apays#sabot#salal#sansa#sauna,6,1.38
girth,herye#shris#mirth#airth#birth#firth#girth,7,1.27
entry,urase#doter#retch#entry,4,1.3
piggy,bazar#kited#pingo#piggy,4,1.41
labor,uvula#allel#loath#largo#labor,5,1.77
booby,acute#doddy#sonly#poofy#goory#boozy#booby,7,1.32
knave,viver#helve#mauve#above#stave#knave,6,1.48
butte,predy#eikon#aglet#hefts#butte,5,1.47
stock,hains#mossy#tsubo#stook#stork#stock,6,1.34
icing,tenge#agrin#nighs#vying#icing,5,1.48
valet,doser#nevel#valet,3,1.27
rupee,uneth#yeuky#pareu#rupee,4,1.61
black,daffy#voema#alant#slaps#glaur#clach#black,7,1.6
brain,poops#decaf#aking#matin#brain,5,1.43
cramp,nolos#acidy#chapt#cramp,4,1.32
pique,mochy#izzat#filii#visne#dirke#pique,6,1.49
scold,dudes#soldo#sloyd#scold,4,1.37
terse,grebe#metre#terfe#terse,4,1.27
sally,tween#zoris#assam#palsy#sally,5,1.39
kitty,voted#mutis#intra#witty#kitty,5,1.26
ovate,wolly#bravo#ovate,3,1.51
knife,dully#scans#neigh#knive#knife,5,1.51
shore,oribi#ratos#servo#soger#swore#spore#snore#score#shore,9,1.68
salty,aback#eliad#salto#salts#salty,5,1.65
gully,gadje#gombo#gusli#gully,4,1.27
gross,gadjo#golem#grout#groks#grogs#gross,6,1.28
clown,tazze#linin#gluon#flown#blown#clown,6,1.34
cough,bhels#hikoi#month#rough#cough,5,1.29
harem,trest#vower#cared#harem,4,1.41
manga,goaty#jagra#kanga#sanga#manga,5,1.43
erase,dyers#roose#prase#erase,4,1.46
verso,finds#close#goest#verso,4,1.4
pixie,rusts#gogga#bedye#civie#wifie#pixie,6,1.35
abase,trooz#hakes#sessa#blase#abase,5,1.46
banal,whoof#yumps#inter#canna#banak#banal,6,1.58
spunk,gliff#tendu#urson#numbs#snuck#spunk,6,1.53
spice,dawts#glisk#spire#spice,4,1.32
saner,sulus#shote#smerk#saver#saber#sawer#saner,7,1.3
mange,ulnar#hansa#panic#zante#mange,5,1.26
steed,areic#geest#thews#stede#stend#steed,6,1.27
folio,tondi#boils#polio#folio,4,1.3
shalt,boyla#axels#skald#small#scalp#shalt,6,1.28
liver,tynde#ebook#sheas#level#liver,5,1.47
tweet,sixty#tubal#thoro#tepee#tweet,5,1.46
maize,porny#squid#ictal#ahigh#baize#maize,6,1.45
boost,wasps#istle#ghost#coost#boost,5,1.4
spell,veins#loose#easel#smell#swell#stell#skell#spell,8,1.46
frail,wolve#licit#glaik#spail#frail,5,1.37
limit,kails#hilum#limed#limby#limit,5,1.35
setup,cerne#deoxy#letup#getup#setup,5,1.26
stool,falls#slosh#spool#stool,4,1.42
chafe,blown#emure#agave#chace#chase#chape#chafe,7,1.4
humid,fools#urena#vutty#kudzu#mucid#humid,6,1.36
bongo,tunny#konks#zonal#monde#ionic#gonof#pongo#bongo,8,1.28
embed,biter#saheb#ebbed#embed,4,1.26
vegan,bedew#serin#lemon#vegan,4,1.24
stoke,tragi#loots#stony#stoep#stove#stoke,6,1.35
steak,omens#caese#sheva#spear#sweat#stead#steak,7,1.29
rowdy,vills#upper#corny#roomy#rowdy,5,1.36
pause,terek#dunce#boule#gauge#mauve#pause,6,1.41
exert,gigue#eeven#earls#exert,4,1.48
queer,pight#emmew#breer#sneer#fleer#queer,6,1.42
cling,kenos#grain#bling#pling#cling,5,1.27
waver,tamps#valor#haver#waver,4,1.23
flier,dancy#kithe#evils#flier,4,1.35
twine,grade#sonce#knife#neive#twine,5,1.26
fizzy,voile#jiffs#finca#figgy#firry#fizzy,6,1.32
grasp,pilao#nappa#apres#scarp#grasp,5,1.45
broke,tzars#ruche#prime#brede#broke,5,1.34
slunk,tanka#korun#snuck#spunk#skunk#slunk,6,1.48
plunk,heres#mawky#boink#flunk#plunk,5,1.32
notch,nicad#notch,2,1.23
sharp,titup#sweep#salop#scamp#sharp,5,1.28
gummy,dynel#kitty#yuppy#surgy#vughy#gummy,6,1.37
layer,foxes#daker#yarer#gayer#hayer#payer#bayer#layer,8,1.32
above,cutch#mower#kendo#obeys#above,5,1.57
macho,hemes#mucho#macho,3,1.4
fugue,epics#yogee#bugle#rugae#fugue,5,1.47
mover,rared#sewer#puler#inter#cyber#offer#gomer#mover,8,1.33
altar,cooky#mamas#quean#lidar#altar,5,1.5
vapor,pager#vapor,2,1.24
human,cloys#umami#aurum#dumka#human,5,1.33
poser,steds#besee#arsey#noser#loser#poser,6,1.42
enjoy,snies#ankle#enjoy,3,1.23
visit,wests#tusky#visit,3,1.23
crane,thong#karns#crena#crane,4,1.24
gruff,dumas#utile#occur#brung#gruff,5,1.29
skimp,spans#sirup#skimp,3,1.23
splat,beads#arson#usual#salat#splat,5,1.35
homer,nicol#khoja#ouphs#worth#homer,5,1.43
foyer,diddy#maybe#tuyer#foyer,4,1.55
ideal,lanch#aloud#ideal,3,1.48
grill,taals#choli#bible#guild#grill,5,1.26
proud,taits#hough#buxom#uredo#proud,5,1.3
outer,fehme#goety#estoc#buteo#outed#outer,6,1.66
strut,mains#fesse#sudor#strut,4,1.3
prose,upbye#tepee#crape#prize#prone#prose,6,1.33
ladle,tided#redub#madge#sadhe#ladle,5,1.27
quiet,dewax#flume#euros#cubeb#pukey#queen#quiet,7,1.48
ready,dript#readd#ready,3,1.43
claim,boost#riped#ahing#zamia#claim,5,1.34
spool,alkyl#bobol#thiol#spool,4,1.24
relax,drums#yager#rewax#retax#relax,5,1.4
ripen,pubis#inept#opine#ripen,4,1.49
their,three#therm#their,3,1.24
strip,thurl#strae#strow#strim#strig#strip,6,1.56
rebel,serum#rebar#rebop#rebit#rebbe#rebel,6,1.28
flail,vauch#llama#flays#flawn#flail,5,1.5
stash,raird#flaff#beaux#skags#scant#swath#staph#stash,8,1.41
shrub,clonk#armed#tirrs#surfy#shrug#shrub,6,1.39
crier,appel#yowes#bided#chief#crier,5,1.29
chide,tythe#cohoe#chave#chuse#chime#chile#chine#chide,8,1.32
tonal,surra#woald#lotah#tonal,4,1.34
willy,grams#jotty#belly#hilly#willy,5,1.28
jaunt,tutus#otaku#gaunt#vaunt#naunt#jaunt,6,1.55
flour,konbu#updos#outro#flour,4,1.6
repay,rails#regna#remap#repay,4,1.27
angel,tabor#apply#axles#aldea#aweel#angel,6,1.35
moron,kopek#moust#moron,3,1.29
elegy,turrs#appal#lodge#elegy,4,1.37
today,mulga#arars#cowan#potae#tokay#today,6,1.53
cache,gadge#carle#caste#cache,4,1.26
scant,dempt#lovat#tuart#abaft#scant,5,1.26
cable,frise#kythe#veale#wanle#gable#cable,6,1.29
tapir,dosas#barky#tapir,3,1.32
melon,kenos#heron#melon,3,1.23
brick,wenny#darga#shirt#prior#frizz#crick#brick,7,1.43
tonga,mired#blabs#haunt#tonka#tonga,5,1.31
conch,beaux#sowms#zoppo#toffy#ionic#conch,6,1.3
sonar,stonn#sonar,2,1.23
algae,toots#namma#adieu#aheap#algae,5,1.4
usage,yager#belga#etage#phage#image#adage#swage#usage,8,1.47
scoop,azyms#spoil#swoop#snoop#scoop,5,1.35
crest,pouff#laich#gecks#scent#crest,5,1.49
spasm,flype#apoop#spait#spams#spasm,5,1.39
truly,feart#purty#truly,3,1.33
brand,airns#crena#brand,3,1.24
liner,ureal#livre#liber#lifer#liter#liner,6,1.43
wedge,spews#endow#wedel#wedge,4,1.5
glove,endue#choke#above#trove#glove,5,1.28
marry,furrs#lorry#berry#parry#tarry#marry,6,1.27
twang,taata#tiars#twang,3,1.24
scent,tesla#styte#sient#suent#shent#spent#scent,7,1.41
sleep,olios#slaty#slubb#sleer#sleek#sleep,6,1.26
miner,demic#miser#miler#mixer#miner,5,1.55
sprig,brume#doris#sarin#sprit#sprig,5,1.37
trite,stupa#citer#treif#tribe#trine#trite,6,1.35
adage,tigon#agaze#adage,3,1.32
stoic,eaves#tossy#shoot#stond#stour#stoic,6,1.35
kiosk,tummy#desis#whisk#kiosk,4,1.47
think,boysy#unmet#titan#thing#think,5,1.35
lithe,yacca#ohone#lithe,3,1.41
excel,fungs#dowel#creel#excel,4,1.34
spicy,pongs#clasp#sepic#spicy,4,1.38
tipsy,agaze#buffo#dilli#ricks#sixth#tipsy,6,1.37
twixt,pecky#flora#bundu#withs#twixt,5,1.38
fairy,frows#ferly#fairy,3,1.26
fiend,dawah#fyrds#feted#field#fiend,5,1.48
drunk,evoke#skrik#frack#trunk#drunk,5,1.41
ounce,leggy#arene#indie#noose#ounce,5,1.54
gaily,sambo#rayah#fawny#gappy#gaily,5,1.32
pansy,duans#ascon#sneap#pansy,4,1.48
goody,glums#gwine#groat#goopy#gooky#gooby#goofy#goody,8,1.31
apron,diazo#haoma#aulos#actor#argon#apron,6,1.63
mealy,esnes#crepy#jemmy#meaty#mealy,5,1.41
choke,braws#locie#chode#choke,4,1.32
ditty,veals#himbo#ridic#dingy#ditzy#ditty,6,1.29
swish,coder#luvvy#giant#shish#swish,5,1.31
surge,jonty#dhaba#peris#scree#surge,5,1.45
pushy,trayf#lousy#cuspy#pushy,4,1.37
vixen,surfs#waltz#monde#ehing#pekin#vixen,6,1.38
chose,smeke#tsade#louse#chose,4,1.26
crock,dorps#rumor#ybore#crown#croak#crock,6,1.41
whirl,yores#urial#whirl,3,1.26
pinto,vrils#equid#winna#pinch#pingo#pinko#pinto,7,1.41
faint,munts#niton#inept#haint#taint#daint#faint,7,1.46
tease,kinds#assez#lyase#prase#cease#fease#tease,7,1.45
grope,robin#karoo#oxers#froze#crome#drove#prole#grope,8,1.51
crude,hazan#peppy#swive#roque#urdee#crude,6,1.5
rival,datal#uveal#vinal#rival,4,1.27
react,tries#carte#react,3,1.35
belle,boozy#besti#beaux#bench#belee#belle,6,1.27
elide,dixit#indol#edile#elide,4,1.73
brash,upran#bawrs#brash,3,1.46
novel,terns#ingle#navel#novel,4,1.32
beefy,cymar#tufty#beefy,3,1.34
bunny,rosts#awned#linum#bungy#bunjy#bunny,6,1.32
chalk,twats#caaed#claim#coaly#chalk,5,1.26
amuse,blive#kurre#aquae#acute#amuse,5,1.3
troop,culti#stash#twoer#troop,4,1.42
vital,goals#hazel#trial#dital#cital#vital,6,1.38
glory,yawey#gippy#globy#glory,4,1.27
dream,felts#douce#dweeb#dream,4,1.34
tenor,agars#error#tenor,3,1.34
lager,oomph#undid#reast#barbe#faery#laver#laker#lawer#lacer#laxer#lager,11,1.59
lupus,ables#flips#lupus,3,1.26
widow,blawn#ewhow#scrow#kotow#widow,5,1.38
bless,tempt#blaze#blued#bleys#bless,5,1.5
silly,laker#cymol#shily#silly,4,1.3
quick,polys#ziram#cunei#quich#quick,5,1.3
golem,spues#hazed#icker#gleet#golem,5,1.3
snort,trows#snort,2,1.24
mummy,fohns#kabar#dulce#guimp#mummy,5,1.34
equal,levis#morel#equal,3,1.35
prism,hadji#zymic#quims#prism,4,1.51
badge,rojak#baaed#badge,3,1.38
nurse,uncoy#auxin#lungs#nurse,4,1.49
sight,rubes#assam#sloth#shtik#sight,5,1.33
latte,azons#imaum#raker#eathe#patte#latte,6,1.49
pried,proso#preen#pryer#prief#pried,5,1.27
jerky,chais#fudgy#bobby#wetly#kempy#rekey#jerky,7,1.32
droit,sheal#grimy#croci#iroko#droit,5,1.28
askew,chomp#azure#axled#antes#askew,5,1.43
comma,tuism#lamby#axman#momma#comma,5,1.35
cross,tronk#grouf#proms#crows#crocs#cross,6,1.29
pupil,doeth#algas#xylyl#fuzil#pupil,5,1.31
colon,sizel#lowly#volta#colon,4,1.3
wider,twilt#wives#wizen#wifey#wirer#wiper#wider,7,1.6
piney,knurs#whine#naevi#zineb#piney,5,1.41
plane,spado#whaup#frape#place#plate#plage#plane,7,1.28
villa,thuds#prink#flexi#zilla#villa,5,1.34
fluke,teffs#afear#fogey#fique#flume#fluke,6,1.46
sandy,nylon#tawny#pansy#sandy,4,1.55
carol,lunet#grrrl#parol#carol,4,1.34
shack,totty#wulls#smash#shape#shand#shack,6,1.54
brine,kilns#chino#paint#urine#brine,5,1.27
derby,duits#defer#deray#derry#derny#derby,6,1.27
exalt,ephas#elate#exalt,3,1.25
rigor,deres#orach#nitro#rigor,4,1.33
diner,boyed#idles#drier#diker#dicer#diver#dimer#diner,8,1.33
revel,tyran#rosed#refer#repeg#rebel#revel,6,1.37
botch,apsos#tondo#lotic#kotch#botch,5,1.38
plied,hafiz#pixes#pried#plied,4,1.45
dully,downs#durry#duchy#dully,4,1.27
teach,unsod#mimic#lacet#teach,4,1.31
pudgy,monas#bedel#fuddy#pudgy,4,1.29
cabin,donga#axman#laten#cabin,4,1.49
grave,pesky#crewe#grume#grone#gride#graze#grate#grave,8,1.41
teddy,fritz#motet#teade#tendu#teddy,5,1.46
thick,kippa#chirk#thick,3,1.43
quail,lowts#ulema#aulic#quail,4,1.34
pride,heder#fremd#irade#bride#pride,5,1.64
sassy,derry#gobby#mifty#sally#sassy,5,1.27
throb,upjet#twits#tronc#tardo#throb,5,1.43
merry,paedo#eerie#herbs#rerun#kerry#verry#terry#merry,8,1.36
minty,seity#linty#minty,3,1.27
eagle,unhat#plaps#acold#villa#marly#fable#eagle,7,1.5
drape,dolma#duans#dwarf#drake#drape,5,1.27
drain,doffs#dilli#derig#druid#drain,5,1.27
humph,sudsy#furth#luach#bumph#humph,5,1.26
juror,thirl#grubs#korun#duroy#furor#juror,6,1.43
hunch,tutor#hussy#hunch,3,1.25
scree,dukes#resew#shyer#strep#siren#sorex#saree#scree,8,1.28
flack,fiest#franc#flack,3,1.24
bitty,unces#goaty#fifty#ditty#kitty#titty#witty#bitty,8,1.29
roost,derro#mucor#orpin#rotal#rooty#roost,6,1.5
whiny,ngaio#incel#pinup#thins#whiny,5,1.38
deign,aping#neigh#reign#feign#deign,5,1.2
begun,undos#numen#rerun#begun,4,1.35
steep,dwale#remit#eyots#thesp#steep,5,1.38
exact,tombs#aitch#react#exact,4,1.35
right,treck#sutor#rhyta#right,4,1.45
death,wilis#marry#gopak#chaft#heath#neath#death,7,1.38
first,booms#sniff#fishy#first,4,1.45
ombre,nomen#besom#ombre,3,1.59
drake,rejig#darre#drake,3,1.52
puffy,thebe#cundy#gully#rummy#puppy#puffy,6,1.38
viral,rugby#alvar#viral,3,1.51
bevel,roneo#piked#gulet#almeh#excel#sewel#bezel#bevel,8,1.3
craft,beamy#sward#prahu#krang#fract#craft,6,1.27
hippy,strim#plica#gippo#hippy,4,1.33
foist,kyloe#roods#zoist#moist#foist,5,1.36
prowl,crust#prone#promo#proll#prowl,5,1.27
betel,desse#berko#benny#begem#betel,5,1.28
spiky,spayd#spiny#spiry#spicy#spiky,5,1.24
freer,culms#towzy#eider#farer#fever#freer,6,1.35
noose,guaco#snool#noobs#noose,4,1.38
actor,cynic#shock#macro#ocrea#actor,5,1.5
sheet,caked#bores#squeg#sheel#sheen#sheet,6,1.26
uncut,tilak#estoc#uncut,3,1.32
tried,fleek#awned#moped#tried,4,1.26
funky,heirs#jambu#fuffy#fully#fuzzy#funky,6,1.26
cello,circs#cagey#cello,3,1.24
chute,titer#ethal#shote#chute,4,1.43
purer,groin#hardy#kurus#furze#curer#lurer#purer,7,1.4
goose,ferns#sasse#obese#towse#moose#loose#goose,7,1.37
scoff,firms#shaft#sowff#skoff#scoff,5,1.35
court,fauts#touze#poult#court,4,1.26
flick,vinas#immit#guiro#ylike#klick#click#flick,7,1.38
cater,deeps#enurn#homer#jiber#rawer#laxer#cager#caver#cater,9,1.48
canon,corns#clown#cajon#canon,4,1.26
cabal,tupek#nagas#dadah#jacal#cabal,5,1.35
curve,sines#krewe#raphe#borde#gurge#furze#turme#lurve#curve,9,1.4
mower,oints#brool#comer#moder#moper#mover#mower,7,1.37
broom,doseh#proto#croak#broom,4,1.29
repel,naris#flyer#rowel#rebel#repel,5,1.31
yacht,ghazi#rehab#vauch#nacho#yacht,5,1.63
ethos,loord#okapi#junco#evhoe#ewhow#ethos,6,1.43
olive,brick#spite#imine#waive#ogive#olive,6,1.29
quasi,unsex#smugs#cuish#quasi,4,1.5
azure,readd#barre#aygre#antre#afore#alure#azure,7,1.69
sound,titup#unarm#nudzh#wound#sound,5,1.55
spurt,crake#lordy#rubin#spurs#spurt,5,1.3
ovine,laddy#bumbo#sowce#opepe#ozone#ovine,6,1.43
primo,unrid#chirr#ariel#brios#primo,5,1.51
demur,pacta#egger#sieur#femur#demur,5,1.41
query,swish#beano#klett#every#query,5,1.39
flout,gaitt#freet#flout,3,1.24
jetty,waler#eigne#detox#jetty,4,1.37
frill,syver#murti#iroko#frizz#frill,5,1.34
stuff,filks#safed#stuff,3,1.38
kebab,duels#petri#genny#xebec#kebob#kebab,6,1.37
shaft,tatie#avast#skart#swapt#scant#smalt#shaft,7,1.37
early,warez#earst#early,3,1.24
unity,wangs#djinn#noily#unify#unity,5,1.34
stony,livre#smock#swoop#snobs#stoun#stony,6,1.36
prick,uraos#prill#pricy#price#prick,5,1.26
sneak,tolls#unsee#snead#sneap#sneak,5,1.35
vapid,menad#sarod#valid#vapid,4,1.25
alarm,yales#alaap#alamo#alarm,4,1.29
bliss,seils#laids#blins#blips#bliss,5,1.26
midge,waves#helot#grufe#minge#midge,5,1.3
deity,keema#besit#deity,3,1.24
again,arias#agami#again,3,1.24
blush,fugle#until#balus#blush,4,1.43
beady,groat#anana#myall#quayd#heady#beady,6,1.39
dryly,tippy#vuggy#dorky#dryly,4,1.27
error,vaned#sehri#prexy#brute#error,5,1.37
spiny,fives#astir#byssi#shiny#spiny,5,1.4
crypt,hakea#fuggy#yonis#crypt,4,1.36
geeky,sprad#chevy#onely#geeky,4,1.3
drill,tocos#revel#pyral#whirl#grill#brill#krill#frill#drill,9,1.4
golly,pelts#filar#gully#golly,4,1.23
hover,deeds#lumme#finer#cater#yoker#hoper#hover,7,1.47
crate,charr#crave#craze#crane#crape#crake#crate,7,1.31
pouty,crees#jamon#foody#wolly#yobby#gouty#pouty,7,1.34
cheer,marae#egers#freer#queer#tweer#pheer#cheer,7,1.5
joist,fours#soldi#noisy#hoist#zoist#joist,6,1.28
nylon,atmos#gyron#nylon,3,1.23
begat,telco#pewit#remet#debut#beast#begat,6,1.27
racer,eigne#leads#treat#maker#razer#rawer#raper#rarer#raver#racer,10,1.55
hazel,rache#haems#haven#hazel,4,1.3
snaky,bassy#asway#stagy#shaly#snaky,5,1.31
abuse,tapis#schav#abask#abysm#abuse,5,1.45
hobby,abrim#dobby#gobby#yobby#hobby,5,1.38
alien,toyon#given#alien,3,1.25
perky,unces#hemal#tewit#kedgy#reeky#jerky#perky,7,1.35
helix,belay#helix,2,1.24
weird,cavas#petri#reird#weird,4,1.35
